item_idx,item_id
0,100479135
1,100247298
2,100112500
3,100479091
4,100490875
5,100633200
6,100487408
7,100632544
8,100119052
9,100644648
10,100645169
11,100645205
12,100644024
13,100437258
14,100645258
15,100644566
16,100644344
17,100644305
18,100642763
19,100644128
20,100643328
21,100642716
22,100643277
23,100643267
24,100645047
25,100642603
26,100643203
27,100605354
28,100645142
29,100607453
30,100634859
31,100637151
32,100641856
33,100602583
34,100449320
35,100644851
36,100645081
37,100645282
38,100640970
39,100641384
40,100644102
41,100643915
42,100643811
43,100643761
44,100643775
45,100645026
46,100640606
47,100644801
48,100642452
49,100641921
50,100637025
51,100643946
52,100643974
53,100630755
54,100643512
55,100643481
56,100643352
57,100626771
58,100643299
59,100642964
60,100644736
61,100642988
62,100642813
63,100438224
64,100456432
65,100462537
66,100458135
67,100644060
68,100618756
69,100502953
70,100466637
71,100461233
72,100400219
73,100391959
74,100633892
75,100635903
76,100645209
77,100639537
78,100643210
79,100642745
80,100642620
81,100641568
82,100641379
83,100641301
84,100645091
85,100641439
86,100643472
87,100644693
88,100586036
89,100641411
90,100607280
91,100643664
92,100644348
93,100644821
94,100645067
95,100640760
96,100623542
97,100629110
98,100643259
99,100615418
100,100504175
101,100635560
102,100644095
103,100643866
104,100643789
105,100643718
106,100643494
107,100643431
108,100643943
109,100642391
110,100642170
111,100642085
112,100641991
113,100644619
114,100641225
115,100640587
116,100641101
117,100640878
118,100640796
119,100640772
120,100642002
121,100613057
122,100635909
123,100640492
124,100635853
125,100608065
126,100640355
127,100640279
128,100635216
129,100640085
130,100639981
131,100588864
132,100639865
133,100639797
134,100639602
135,100584518
136,100645268
137,100639531
138,100644750
139,100639321
140,100633811
141,100639264
142,100642505
143,100642333
144,100639177
145,100642106
146,100638609
147,100638521
148,100641862
149,100641671
150,100638488
151,100641447
152,100638306
153,100641308
154,100638032
155,100638015
156,100641290
157,100641221
158,100637831
159,100641085
160,100640865
161,100637562
162,100637541
163,100640781
164,100640573
165,100640433
166,100640286
167,100640074
168,100639882
169,100639812
170,100639542
171,100639414
172,100639278
173,100639218
174,100638847
175,100638549
176,100638502
177,100638334
178,100638037
179,100643701
180,100638023
181,100644562
182,100644733
183,100634523
184,100632234
185,100627418
186,100616723
187,100645093
188,100451702
189,100645094
190,100642630
191,100642618
192,100642311
193,100642704
194,100645056
195,100645059
196,100638859
197,100642309
198,100642684
199,100645263
200,100644899
201,100644250
202,100643759
203,100609098
204,100644788
205,100645261
206,100610556
207,100625853
208,100602517
209,100643612
210,100642302
211,100620339
212,100645303
213,100645306
214,100641574
215,100451924
216,100645105
217,100645098
218,100640284
219,100631686
220,100644748
221,100645184
222,100641370
223,100643893
224,100643017
225,100619730
226,100639202
227,100576297
228,100522288
229,100644833
230,100645253
231,100640233
232,100645131
233,100642514
234,100642526
235,100644767
236,100644229
237,100644765
238,100644843
239,100645161
240,100633116
241,100626045
242,100644214
243,100644322
244,100643545
245,100643170
246,100633478
247,100643115
248,100486355
249,100642908
250,100642697
251,100642690
252,100642671
253,100643264
254,100642669
255,100642638
256,100580685
257,100642609
258,100642598
259,100555734
260,100642579
261,100642007
262,100641725
263,100640764
264,100639530
265,100636810
266,100407477
267,100643200
268,100638754
269,100575221
270,100615706
271,100638622
272,100630351
273,100638286
274,100622169
275,100576137
276,100501905
277,100644911
278,100640762
279,100632244
280,100640756
281,100640751
282,100640672
283,100640630
284,100640547
285,100640262
286,100640215
287,100639428
288,100638983
289,100644970
290,100636547
291,100641374
292,100638980
293,100638453
294,100637997
295,100634836
296,100634445
297,100634198
298,100634194
299,100642145
300,100634437
301,100645278
302,100634041
303,100633979
304,100641375
305,100632531
306,100632323
307,100645252
308,100645310
309,100632119
310,100631963
311,100631773
312,100631771
313,100578956
314,100644146
315,100631160
316,100630209
317,100630048
318,100645309
319,100645307
320,100629902
321,100629887
322,100628720
323,100644727
324,100627026
325,100627017
326,100625376
327,100624945
328,100624268
329,100548619
330,100642546
331,100623422
332,100622106
333,100641412
334,100644810
335,100642596
336,100620632
337,100642537
338,100620476
339,100487321
340,100644010
341,100619984
342,100619522
343,100253588
344,100616842
345,100615817
346,100645223
347,100628992
348,100625962
349,100625957
350,100598335
351,100630448
352,100644937
353,100641146
354,100612867
355,100608215
356,100641397
357,100644578
358,100608929
359,100644977
360,100630977
361,100615775
362,100615634
363,100615414
364,100616250
365,100641442
366,100614685
367,100613277
368,100613029
369,100612963
370,100641430
371,100643522
372,100457460
373,100441641
374,100608327
375,100645318
376,100645316
377,100642432
378,100603404
379,100645322
380,100644119
381,100645189
382,100644588
383,100530373
384,100638302
385,100618704
386,100627330
387,100641727
388,100641056
389,100643605
390,100643844
391,100445120
392,100418391
393,100500172
394,100637568
395,100636025
396,100636018
397,100507643
398,100504924
399,100503663
400,100503394
401,100605440
402,100644608
403,100478483
404,100644326
405,100645133
406,100499791
407,100642276
408,100645144
409,100451168
410,100627424
411,100644720
412,100452141
413,100639658
414,100645186
415,100450556
416,100495783
417,100644731
418,100643860
419,100539696
420,100536533
421,100644971
422,100505300
423,100645260
424,100577196
425,100644604
426,100355420
427,100638001
428,100644179
429,100645324
430,100644697
431,100499406
432,100643666
433,100508882
434,100643677
435,100644576
436,100528775
437,100642844
438,100498439
439,100642713
440,100621878
441,100497503
442,100644137
443,100575893
444,100624984
445,100644926
446,100644593
447,100644585
448,100643650
449,100434920
450,100633264
451,100367089
452,100643061
453,100638912
454,100642115
455,100487653
456,100643875
457,100643418
458,100643555
459,100645330
460,100644204
461,100640684
462,100639779
463,100610569
464,100640376
465,100631896
466,100605768
467,100603744
468,100634847
469,100640644
470,100639470
471,100609246
472,100620275
473,100522367
474,100533274
475,100484414
476,100475649
477,100473052
478,100470213
479,100467625
480,100464840
481,100462202
482,100458859
483,100455902
484,100452975
485,100447026
486,100441293
487,100478862
488,100478846
489,100478858
490,100487675
491,100639478
492,100619842
493,100619576
494,100619018
495,100619813
496,100618925
497,100617677
498,100625509
499,100636383
500,100620521
501,100603132
502,100614305
503,100596144
504,100561985
505,100532870
506,100557901
507,100508979
508,100498071
509,100491515
510,100643660
511,100642301
512,100645137
513,100519621
514,100487696
515,100644047
516,100645335
517,100645338
518,100645337
519,100644706
520,100609561
521,100645355
522,100641985
523,100642167
524,100392848
525,100645359
526,100645365
527,100638887
528,100595795
529,100645327
530,100641443
531,100595440
532,100561593
533,100561532
534,100643756
535,100643672
536,100643568
537,100643725
538,100642916
539,100641661
540,100642811
541,100638719
542,100636719
543,100625367
544,100625370
545,100624392
546,100608363
547,100641434
548,100616678
549,100616450
550,100644533
551,100644534
552,100640038
553,100643799
554,100643723
555,100642662
556,100642791
557,100639318
558,100644134
559,100645386
560,100639276
561,100638748
562,100645366
563,100593343
564,100567465
565,100567498
566,100645378
567,100645389
568,100645398
569,100641423
570,100344606
571,100590867
572,100645379
573,100368208
574,100515961
575,100522125
576,100644672
577,100610402
578,100643001
579,100642446
580,100642961
581,100642274
582,100642759
583,100642830
584,100643162
585,100643127
586,100645320
587,100645428
588,100641710
589,100644347
590,100644190
591,100644351
592,100641064
593,100597501
594,100578904
595,100626543
596,100626764
597,100641444
598,100251694
599,100634056
600,100641151
601,100629216
602,100158197
603,100628924
604,100645432
605,100645384
606,100642294
607,100641193
608,100625535
609,100058791
610,100087824
611,100620050
612,100625054
613,100588252
614,100644743
615,100643981
616,100644435
617,100087877
618,100334463
619,100645440
620,100645446
621,100581905
622,100644773
623,100645445
624,100645435
625,100608814
626,100645448
627,100645442
628,100645439
629,100643391
630,100621688
631,100190536
632,100541980
633,100141726
634,100141736
635,100588298
636,100626769
637,100146163
638,100186914
639,100633347
640,100629988
641,100624894
642,100228171
643,100602478
644,100231026
645,100592268
646,100077984
647,100641395
648,100640734
649,100639424
650,100634751
651,100087884
652,100645381
653,100232702
654,100610207
655,100295077
656,100301797
657,100316977
658,100322313
659,100645433
660,100623244
661,100448882
662,100631947
663,100429266
664,100512677
665,100509056
666,100602964
667,100495756
668,100366753
669,100639043
670,100621175
671,100418415
672,100522095
673,100460797
674,100598807
675,100639211
676,100638698
677,100639149
678,100639199
679,100638902
680,100645328
681,100113292
682,100251773
683,100568173
684,100460881
685,100637571
686,100183880
687,100452786
688,100571150
689,100166448
690,100633164
691,100567487
692,100389795
693,100632932
694,100432556
695,100501440
696,100479778
697,100430439
698,100631602
699,100334245
700,100167015
701,100631194
702,100280177
703,100339737
704,100321441
705,100555981
706,100487949
707,100631102
708,100639688
709,100639152
710,100629991
711,100338956
712,100628565
713,100258567
714,100500069
715,100628559
716,100362561
717,100627725
718,100388823
719,100227926
720,100561392
721,100637064
722,100637595
723,100639023
724,100362699
725,100638679
726,100495256
727,100488319
728,100507517
729,100295345
730,100392825
731,100420196
732,100500592
733,100628804
734,100623792
735,100629430
736,100063606
737,100492516
738,100370295
739,100640202
740,100588310
741,100449335
742,100644903
743,100640685
744,100561472
745,100501645
746,100264551
747,100642456
748,100627373
749,100636335
750,100627542
751,100625487
752,100624484
753,100617840
754,100593344
755,100232373
756,100642556
757,100635335
758,100628954
759,100645470
760,100643427
761,100640840
762,100641717
763,100645474
764,100641652
765,100645456
766,100635894
767,100567553
768,100419585
769,100635902
770,100573683
771,100131389
772,100472357
773,100342127
774,100642878
775,100642164
776,100643850
777,100592466
778,100451751
779,100626578
780,100487724
781,100636813
782,100641982
783,100644782
784,100641885
785,100639275
786,100639075
787,100645107
788,100645455
789,100636454
790,100644780
791,100644723
792,100645459
793,100641396
794,100645143
795,100638253
796,100645503
797,100645483
798,100645478
799,100645244
800,100644630
801,100602245
802,100602201
803,100501664
804,100643738
805,100637788
806,100510092
807,100645518
808,100630046
809,100644936
810,100641409
811,100623051
812,100508482
813,100645495
814,100644972
815,100645530
816,100644273
817,100645527
818,100645537
819,100643680
820,100645454
821,100581568
822,100645451
823,100228236
824,100578291
825,100641469
826,100643377
827,100644965
828,100645469
829,100645550
830,100605656
831,100595746
832,100643576
833,100645540
834,100636311
835,100227342
836,100642315
837,100227089
838,100639572
839,100629945
840,100629931
841,100610773
842,100627523
843,100643601
844,100617151
845,100606763
846,100446972
847,100645582
848,100644660
849,100223079
850,100147799
851,100643125
852,100610244
853,100643742
854,100643449
855,100641260
856,100640953
857,100645546
858,100645656
859,100645532
860,100642744
861,100644249
862,100644230
863,100645575
864,100645697
865,100641329
866,100446011
867,100639059
868,100636147
869,100636452
870,100645699
871,100644616
872,100625399
873,100645511
874,100645702
875,100645720
876,100644711
877,100552351
878,100644636
879,100644772
880,100645413
881,100587934
882,100642102
883,100597819
884,100645743
885,100645737
886,100628232
887,100522289
888,100641948
889,100641943
890,100641969
891,100641950
892,100644112
893,100642387
894,100586876
895,100645780
896,100644739
897,100586940
898,100645618
899,100580821
900,100568286
901,100645485
902,100645776
903,100565353
904,100532955
905,100645784
906,100582665
907,100644661
908,100644654
909,100644703
910,100644658
911,100644735
912,100645709
913,100632451
914,100627326
915,100630254
916,100631878
917,100631802
918,100631442
919,100630960
920,100630161
921,100643727
922,100643321
923,100644655
924,100644635
925,100644634
926,100644633
927,100644699
928,100643315
929,100644631
930,100645801
931,100642809
932,100645805
933,100642941
934,100645809
935,100567514
936,100530323
937,100645785
938,100434016
939,100602729
940,100642714
941,100597661
942,100637868
943,100637789
944,100637757
945,100638111
946,100637437
947,100637372
948,100640528
949,100644714
950,100537752
951,100637420
952,100641231
953,100645690
954,100645826
955,100636722
956,100642626
957,100593936
958,100464480
959,100645839
960,100638910
961,100638137
962,100634982
963,100645854
964,100629369
965,100645249
966,100645821
967,100587040
968,100577445
969,100645889
970,100632017
971,100631447
972,100640272
973,100645813
974,100643335
975,100639789
976,100645817
977,100637989
978,100637806
979,100637545
980,100645843
981,100645716
982,100644614
983,100644606
984,100644607
985,100644617
986,100644612
987,100644625
988,100644632
989,100644629
990,100644628
991,100641388
992,100623079
993,100644621
994,100644613
995,100644611
996,100475642
997,100630686
998,100632598
999,100619829
1000,100499837
1001,100619206
1002,100619625
1003,100619591
1004,100618834
1005,100618835
1006,100616069
1007,100645903
1008,100616121
1009,100617654
1010,100616073
1011,100645512
1012,100643250
1013,100643908
1014,100539223
1015,100645450
1016,100645940
1017,100645962
1018,100643137
1019,100644274
1020,100642802
1021,100645929
1022,100640311
1023,100480925
1024,100642415
1025,100631355
1026,100639366
1027,100629461
1028,100645856
1029,100285607
1030,100265891
1031,100643880
1032,100642709
1033,100341697
1034,100645981
1035,100645740
1036,100645972
1037,100588499
1038,100508245
1039,100506099
1040,100496904
1041,100505983
1042,100646022
1043,100645978
1044,100625636
1045,100641484
1046,100646017
1047,100646004
1048,100640663
1049,100580791
1050,100646009
1051,100645925
1052,100615475
1053,100643617
1054,100543173
1055,100501383
1056,100503962
1057,100646007
1058,100267114
1059,100646058
1060,100629875
1061,100642400
1062,100642396
1063,100642407
1064,100629699
1065,100638432
1066,100625181
1067,100623420
1068,100621383
1069,100621320
1070,100621229
1071,100641426
1072,100621095
1073,100646031
1074,100637536
1075,100637451
1076,100637326
1077,100637078
1078,100637046
1079,100645711
1080,100637028
1081,100637013
1082,100636724
1083,100636576
1084,100636529
1085,100636396
1086,100499141
1087,100636247
1088,100623108
1089,100636179
1090,100636044
1091,100596316
1092,100635857
1093,100642269
1094,100620827
1095,100646080
1096,100635800
1097,100635760
1098,100635719
1099,100635694
1100,100635670
1101,100620481
1102,100619272
1103,100635650
1104,100645933
1105,100635562
1106,100635225
1107,100619130
1108,100635184
1109,100618994
1110,100618571
1111,100635150
1112,100646065
1113,100634825
1114,100634733
1115,100634698
1116,100634418
1117,100634292
1118,100618528
1119,100634242
1120,100591114
1121,100634217
1122,100618474
1123,100634025
1124,100617520
1125,100633864
1126,100646114
1127,100641936
1128,100633777
1129,100464418
1130,100633738
1131,100633697
1132,100617412
1133,100646116
1134,100646112
1135,100633315
1136,100615965
1137,100633031
1138,100632969
1139,100632713
1140,100645944
1141,100632639
1142,100643642
1143,100632587
1144,100643991
1145,100632474
1146,100645742
1147,100632379
1148,100632355
1149,100641492
1150,100645974
1151,100632109
1152,100645959
1153,100646087
1154,100631984
1155,100631904
1156,100645387
1157,100631842
1158,100631815
1159,100631777
1160,100631587
1161,100631433
1162,100631337
1163,100642523
1164,100646117
1165,100631323
1166,100631198
1167,100631112
1168,100640864
1169,100502020
1170,100631030
1171,100630872
1172,100630837
1173,100630403
1174,100646034
1175,100501559
1176,100646137
1177,100646038
1178,100646082
1179,100597938
1180,100633438
1181,100639784
1182,100645906
1183,100597519
1184,100596175
1185,100585021
1186,100378008
1187,100588389
1188,100643050
1189,100646030
1190,100589188
1191,100565749
1192,100645828
1193,100623704
1194,100635883
1195,100634095
1196,100632552
1197,100633505
1198,100645018
1199,100617247
1200,100641438
1201,100643884
1202,100641481
1203,100403292
1204,100318710
1205,100641944
1206,100642097
1207,100642735
1208,100586292
1209,100624818
1210,100382423
1211,100618310
1212,100633877
1213,100633860
1214,100642015
1215,100599895
1216,100503384
1217,100500251
1218,100492637
1219,100491186
1220,100489529
1221,100470354
1222,100422677
1223,100197742
1224,100645708
1225,100536906
1226,100636867
1227,100593556
1228,100645864
1229,100646147
1230,100646153
1231,100646164
1232,100646120
1233,100646149
1234,100595654
1235,100641868
1236,100627888
1237,100564475
1238,100642162
1239,100646097
1240,100563621
1241,100623025
1242,100568063
1243,100523220
1244,100646189
1245,100645924
1246,100646141
1247,100631789
1248,100623034
1249,100488785
1250,100646006
1251,100646020
1252,100643478
1253,100641631
1254,100641074
1255,100542495
1256,100613141
1257,100606976
1258,100592778
1259,100636362
1260,100646201
1261,100534989
1262,100626344
1263,100640623
1264,100626368
1265,100646265
1266,100642804
1267,100646096
1268,100582708
1269,100646046
1270,100643123
1271,100642743
1272,100646178
1273,100422988
1274,100625193
1275,100620305
1276,100646281
1277,100641965
1278,100639349
1279,100639312
1280,100639316
1281,100614719
1282,100614037
1283,100618794
1284,100646171
1285,100611668
1286,100646317
1287,100643042
1288,100646321
1289,100646280
1290,100646293
1291,100638339
1292,100642711
1293,100646327
1294,100646297
1295,100646291
1296,100646228
1297,100581998
1298,100640255
1299,100630394
1300,100610635
1301,100630225
1302,100457709
1303,100497217
1304,100608486
1305,100645631
1306,100646364
1307,100643776
1308,100646308
1309,100646301
1310,100646361
1311,100646354
1312,100646375
1313,100583469
1314,100646345
1315,100473031
1316,100592587
1317,100641186
1318,100623237
1319,100646311
1320,100443883
1321,100259168
1322,100633352
1323,100364206
1324,100080979
1325,100632793
1326,100087433
1327,100443882
1328,100443881
1329,100646343
1330,100627735
1331,100645660
1332,100312784
1333,100645668
1334,100638795
1335,100644282
1336,100627324
1337,100627318
1338,100481001
1339,100630245
1340,100646350
1341,100629590
1342,100644328
1343,100444071
1344,100638113
1345,100622765
1346,100443859
1347,100633425
1348,100567176
1349,100410422
1350,100554756
1351,100635249
1352,100514011
1353,100646060
1354,100646388
1355,100646400
1356,100646359
1357,100643863
1358,100633958
1359,100646404
1360,100630275
1361,100630369
1362,100630232
1363,100548557
1364,100643122
1365,100538043
1366,100477112
1367,100518125
1368,100486878
1369,100644785
1370,100646193
1371,100646196
1372,100390056
1373,100646409
1374,100646406
1375,100624605
1376,100643746
1377,100624617
1378,100376680
1379,100609722
1380,100646446
1381,100646260
1382,100606655
1383,100633887
1384,100629425
1385,100646369
1386,100643627
1387,100626710
1388,100639711
1389,100626712
1390,100646463
1391,100625204
1392,100408133
1393,100646421
1394,100645555
1395,100646173
1396,100606914
1397,100634641
1398,100639361
1399,100646489
1400,100467281
1401,100646466
1402,100570403
1403,100646483
1404,100612479
1405,100505091
1406,100646444
1407,100637881
1408,100609170
1409,100583270
1410,100646478
1411,100348569
1412,100573000
1413,100580984
1414,100640931
1415,100636197
1416,100646076
1417,100645615
1418,100564676
1419,100615236
1420,100646524
1421,100549760
1422,100646569
1423,100552116
1424,100646450
1425,100646579
1426,100504133
1427,100608554
1428,100646504
1429,100603397
1430,100644281
1431,100646482
1432,100644930
1433,100646567
1434,100627227
1435,100624489
1436,100631223
1437,100579154
1438,100646042
1439,100644193
1440,100644167
1441,100646600
1442,100646437
1443,100646612
1444,100643590
1445,100646585
1446,100646575
1447,100623019
1448,100626557
1449,100484720
1450,100598837
1451,100645543
1452,100629187
1453,100646656
1454,100626633
1455,100646609
1456,100620949
1457,100593196
1458,100626192
1459,100622841
1460,100611365
1461,100478407
1462,100472745
1463,100646680
1464,100646695
1465,100586804
1466,100584677
1467,100646637
1468,100626519
1469,100646712
1470,100444675
1471,100578573
1472,100645655
1473,100596420
1474,100646661
1475,100292367
1476,100646294
1477,100643878
1478,100548345
1479,100646595
1480,100493189
1481,100617839
1482,100550776
1483,100506204
1484,100592753
1485,100646722
1486,100639606
1487,100361299
1488,100228278
1489,100473848
1490,100544514
1491,100646711
1492,100550702
1493,100454196
1494,100568506
1495,100618372
1496,100588713
1497,100595883
1498,100336520
1499,100633913
1500,100623301
1501,100640875
1502,100644161
1503,100623624
1504,100598411
1505,100596169
1506,100646735
1507,100596145
1508,100453155
1509,100572379
1510,100567408
1511,100563929
1512,100549580
1513,100494332
1514,100645619
1515,100491477
1516,100498974
1517,100534430
1518,100621658
1519,100646337
1520,100580946
1521,100485578
1522,100607892
1523,100646728
1524,100573544
1525,100646632
1526,100642914
1527,100622589
1528,100622585
1529,100619469
1530,100633983
1531,100572975
1532,100549902
1533,100633790
1534,100191529
1535,100633647
1536,100625963
1537,100646520
1538,100646427
1539,100646202
1540,100646200
1541,100646204
1542,100646203
1543,100646198
1544,100646199
1545,100646197
1546,100595243
1547,100627796
1548,100626813
1549,100626831
1550,100646743
1551,100620612
1552,100637740
1553,100643016
1554,100635741
1555,100635693
1556,100630692
1557,100634843
1558,100193130
1559,100600026
1560,100612411
1561,100329608
1562,100635863
1563,100321402
1564,100646078
1565,100058055
1566,100635754
1567,100643834
1568,100575997
1569,100573055
1570,100587153
1571,100578942
1572,100627467
1573,100582562
1574,100565090
1575,100561748
1576,100567690
1577,100593650
1578,100625059
1579,100549196
1580,100552474
1581,100637403
1582,100608413
1583,100493415
1584,100623555
1585,100538069
1586,100641548
1587,100640712
1588,100639061
1589,100646751
1590,100494703
1591,100633595
1592,100646756
1593,100646754
1594,100617278
1595,100630231
1596,100646583
1597,100646566
1598,100646765
1599,100487072
1600,100646790
1601,100646804
1602,100646808
1603,100641095
1604,100628798
1605,100646451
1606,100646777
1607,100646782
1608,100646770
1609,100646778
1610,100646812
1611,100640271
1612,100646821
1613,100646832
1614,100631592
1615,100619255
1616,100628974
1617,100607103
1618,100604563
1619,100646760
1620,100612326
1621,100637136
1622,100637467
1623,100646800
1624,100626774
1625,100627234
1626,100636801
1627,100646861
1628,100636771
1629,100573477
1630,100533722
1631,100582289
1632,100388220
1633,100588772
1634,100646515
1635,100616517
1636,100630199
1637,100640183
1638,100365677
1639,100628883
1640,100481346
1641,100640509
1642,100636670
1643,100646872
1644,100646868
1645,100615165
1646,100405566
1647,100646877
1648,100171524
1649,100611586
1650,100611260
1651,100646886
1652,100611258
1653,100611185
1654,100462296
1655,100611127
1656,100456452
1657,100646896
1658,100610936
1659,100610851
1660,100644627
1661,100610604
1662,100646883
1663,100646847
1664,100609716
1665,100643124
1666,100617378
1667,100578184
1668,100646900
1669,100645658
1670,100646914
1671,100644928
1672,100645825
1673,100646922
1674,100646911
1675,100391357
1676,100646925
1677,100646888
1678,100646905
1679,100609691
1680,100646934
1681,100606959
1682,100606813
1683,100606524
1684,100646869
1685,100646879
1686,100646952
1687,100497947
1688,100606029
1689,100605869
1690,100642600
1691,100575636
1692,100646959
1693,100646889
1694,100606019
1695,100581999
1696,100578853
1697,100499034
1698,100642101
1699,100646906
1700,100646909
1701,100646594
1702,100643141
1703,100646890
1704,100646963
1705,100646903
1706,100590021
1707,100645674
1708,100645671
1709,100638743
1710,100645659
1711,100645651
1712,100645593
1713,100645713
1714,100645705
1715,100626739
1716,100645688
1717,100645681
1718,100499371
1719,100636628
1720,100646960
1721,100625066
1722,100646965
1723,100454336
1724,100646976
1725,100646947
1726,100635220
1727,100637525
1728,100640287
1729,100484260
1730,100643983
1731,100637963
1732,100630664
1733,100631885
1734,100629561
1735,100623724
1736,100646969
1737,100621441
1738,100614176
1739,100647002
1740,100634682
1741,100605634
1742,100604432
1743,100605572
1744,100602609
1745,100487446
1746,100605513
1747,100608336
1748,100573864
1749,100605500
1750,100479425
1751,100647025
1752,100594269
1753,100604454
1754,100603057
1755,100599007
1756,100623449
1757,100597315
1758,100646997
1759,100646975
1760,100646958
1761,100595618
1762,100646974
1763,100594686
1764,100497349
1765,100620192
1766,100594441
1767,100594446
1768,100592060
1769,100616839
1770,100597225
1771,100591209
1772,100642271
1773,100587623
1774,100584977
1775,100580136
1776,100575613
1777,100639973
1778,100575136
1779,100620495
1780,100574474
1781,100639488
1782,100571354
1783,100647057
1784,100638120
1785,100601746
1786,100565615
1787,100637161
1788,100425431
1789,100562946
1790,100562285
1791,100646990
1792,100561759
1793,100180146
1794,100560051
1795,100598171
1796,100559053
1797,100541468
1798,100647063
1799,100646616
1800,100647087
1801,100641690
1802,100647079
1803,100646915
1804,100647006
1805,100525921
1806,100454052
1807,100614354
1808,100621217
1809,100631057
1810,100646619
1811,100647109
1812,100602683
1813,100625589
1814,100642199
1815,100640147
1816,100647103
1817,100487752
1818,100646348
1819,100614696
1820,100646920
1821,100586662
1822,100627835
1823,100647060
1824,100627770
1825,100646910
1826,100623868
1827,100646891
1828,100646917
1829,100636903
1830,100647068
1831,100612252
1832,100635868
1833,100644933
1834,100646895
1835,100118849
1836,100118850
1837,100461319
1838,100461386
1839,100634317
1840,100647156
1841,100553458
1842,100647160
1843,100647102
1844,100647174
1845,100581316
1846,100477626
1847,100647246
1848,100647158
1849,100647325
1850,100535511
1851,100548083
1852,100647125
1853,100642448
1854,100594874
1855,100647344
1856,100296860
1857,100647048
1858,100647340
1859,100496477
1860,100642726
1861,100626540
1862,100642404
1863,100636385
1864,100631366
1865,100647251
1866,100643430
1867,100647383
1868,100629985
1869,100612412
1870,100622120
1871,100623249
1872,100471254
1873,100470170
1874,100469856
1875,100470666
1876,100610320
1877,100647336
1878,100388795
1879,100571857
1880,100479131
1881,100331907
1882,100479099
1883,100145343
1884,100616921
1885,100200398
1886,100498777
1887,100295823
1888,100521956
1889,100603398
1890,100541078
1891,100501943
1892,100500324
1893,100462467
1894,100461231
1895,100647393
1896,100541477
1897,100478790
1898,100487981
1899,100538595
1900,100405847
1901,100591977
1902,100321449
1903,100406515
1904,100296229
1905,100479805
1906,100645633
1907,100508744
1908,100496442
1909,100454076
1910,100478345
1911,100619605
1912,100220595
1913,100489247
1914,100468828
1915,100607664
1916,100108903
1917,100161312
1918,100484945
1919,100642545
1920,100403731
1921,100499047
1922,100473267
1923,100391013
1924,100494142
1925,100410302
1926,100646919
1927,100271394
1928,100487364
1929,100504127
1930,100647384
1931,100150452
1932,100487710
1933,100478036
1934,100647326
1935,100647390
1936,100647367
1937,100633052
1938,100632106
1939,100538550
1940,100629770
1941,100507768
1942,100314192
1943,100611694
1944,100574227
1945,100647402
1946,100647243
1947,100647407
1948,100602499
1949,100647232
1950,100647228
1951,100647368
1952,100647113
1953,100646430
1954,100647237
1955,100647424
1956,100647235
1957,100591406
1958,100578481
1959,100619425
1960,100404884
1961,100647415
1962,100647190
1963,100647230
1964,100647226
1965,100538064
1966,100647422
1967,100647427
1968,100562179
1969,100647414
1970,100642517
1971,100645793
1972,100589537
1973,100637268
1974,100647441
1975,100552591
1976,100532857
1977,100592818
1978,100647435
1979,100606755
1980,100613454
1981,100622193
1982,100638727
1983,100620464
1984,100618398
1985,100647416
1986,100567996
1987,100647394
1988,100647391
1989,100647454
1990,100624973
1991,100641468
1992,100630831
1993,100647100
1994,100641002
1995,100647467
1996,100636001
1997,100638481
1998,100623111
1999,100642758
2000,100642128
2001,100647474
2002,100622742
2003,100641244
2004,100640236
2005,100647481
2006,100568164
2007,100647439
2008,100625959
2009,100633786
2010,100640556
2011,100627337
2012,100627331
2013,100643343
2014,100623183
2015,100629320
2016,100647484
2017,100647509
2018,100647488
2019,100647513
2020,100647482
2021,100647517
2022,100613588
2023,100641959
2024,100641913
2025,100647101
2026,100641810
2027,100641626
2028,100586966
2029,100647530
2030,100583069
2031,100647529
2032,100647533
2033,100647537
2034,100641758
2035,100647189
2036,100622890
2037,100647575
2038,100647549
2039,100442165
2040,100478130
2041,100562909
2042,100607211
2043,100647528
2044,100647561
2045,100647553
2046,100647580
2047,100647579
2048,100647578
2049,100647577
2050,100647574
2051,100647573
2052,100647572
2053,100647570
2054,100647571
2055,100647569
2056,100647568
2057,100645682
2058,100645670
2059,100645662
2060,100645596
2061,100645571
2062,100638132
2063,100558064
2064,100647563
2065,100602458
2066,100647582
2067,100645156
2068,100645693
2069,100640638
2070,100635921
2071,100646574
2072,100647605
2073,100647132
2074,100632335
2075,100647627
2076,100632019
2077,100647597
2078,100634092
2079,100639382
2080,100571215
2081,100624795
2082,100635908
2083,100647614
2084,100499162
2085,100473516
2086,100492848
2087,100415386
2088,100647670
2089,100620138
2090,100647659
2091,100614690
2092,100597601
2093,100597589
2094,100568977
2095,100647698
2096,100647710
2097,100647699
2098,100647695
2099,100390134
2100,100640383
2101,100647521
2102,100647587
2103,100647594
2104,100647662
2105,100440913
2106,100464806
2107,100646962
2108,100646303
2109,100486154
2110,100499796
2111,100611680
2112,100630779
2113,100647772
2114,100630097
2115,100309903
2116,100331650
2117,100630445
2118,100634398
2119,100647589
2120,100623949
2121,100647795
2122,100647770
2123,100561892
2124,100637933
2125,100647806
2126,100613432
2127,100647785
2128,100647737
2129,100204967
2130,100647802
2131,100643131
2132,100647819
2133,100616782
2134,100599935
2135,100647825
2136,100647793
2137,100554039
2138,100647782
2139,100625827
2140,100589119
2141,100647690
2142,100647878
2143,100647816
2144,100647833
2145,100647866
2146,100647885
2147,100647812
2148,100574929
2149,100637347
2150,100647868
2151,100647700
2152,100621846
2153,100602626
2154,100647882
2155,100643281
2156,100641066
2157,100647799
2158,100560388
2159,100641724
2160,100623045
2161,100647890
2162,100478096
2163,100647842
2164,100295321
2165,100606032
2166,100647703
2167,100647859
2168,100330257
2169,100635275
2170,100495968
2171,100647779
2172,100647870
2173,100628866
2174,100551944
2175,100492828
2176,100452851
2177,100452523
2178,100641984
2179,100642789
2180,100618257
2181,100605699
2182,100614809
2183,100337863
2184,100605695
2185,100626645
2186,100296528
2187,100647914
2188,100647915
2189,100647369
2190,100637433
2191,100504156
2192,100501569
2193,100622970
2194,100647907
2195,100495266
2196,100517844
2197,100621330
2198,100602520
2199,100316548
2200,100241350
2201,100647857
2202,100642997
2203,100647926
2204,100586992
2205,100595379
2206,100644258
2207,100603803
2208,100262506
2209,100642014
2210,100611481
2211,100585415
2212,100610019
2213,100563047
2214,100563112
2215,100647940
2216,100295433
2217,100633322
2218,100441145
2219,100647777
2220,100443657
2221,100443394
2222,100477144
2223,100402449
2224,100578739
2225,100110686
2226,100079449
2227,100647864
2228,100629899
2229,100574464
2230,100647924
2231,100079260
2232,100647980
2233,100632536
2234,100647999
2235,100632207
2236,100648013
2237,100623082
2238,100648031
2239,100623016
2240,100637102
2241,100648043
2242,100648035
2243,100647948
2244,100647978
2245,100635208
2246,100635173
2247,100634897
2248,100648026
2249,100647956
2250,100648063
2251,100443797
2252,100648095
2253,100648070
2254,100617469
2255,100126189
2256,100627319
2257,100647994
2258,100647922
2259,100626820
2260,100642544
2261,100644216
2262,100276875
2263,100574942
2264,100647931
2265,100648117
2266,100648163
2267,100572772
2268,100635928
2269,100627507
2270,100584624
2271,100604358
2272,100648103
2273,100648121
2274,100648087
2275,100648135
2276,100648211
2277,100648177
2278,100648179
2279,100648154
2280,100648155
2281,100648153
2282,100648152
2283,100648148
2284,100648147
2285,100648146
2286,100648143
2287,100648144
2288,100648142
2289,100648145
2290,100640893
2291,100648225
2292,100570784
2293,100648223
2294,100648228
2295,100648105
2296,100495681
2297,100637175
2298,100648224
2299,100648251
2300,100648240
2301,100648244
2302,100433587
2303,100080339
2304,100648253
2305,100479270
2306,100480068
2307,100645647
2308,100603506
2309,100648049
2310,100624496
2311,100648268
2312,100648259
2313,100606873
2314,100607333
2315,100648299
2316,100648334
2317,100648331
2318,100645641
2319,100598347
2320,100648366
2321,100648321
2322,100642525
2323,100324761
2324,100648357
2325,100648374
2326,100648279
2327,100582628
2328,100648389
2329,100647869
2330,100648382
2331,100648402
2332,100506283
2333,100525626
2334,100620203
2335,100648385
2336,100623159
2337,100648411
2338,100638602
2339,100646921
2340,100546432
2341,100648319
2342,100648081
2343,100536402
2344,100647774
2345,100648401
2346,100641599
2347,100190469
2348,100648470
2349,100648453
2350,100648391
2351,100648472
2352,100648493
2353,100604567
2354,100645816
2355,100648474
2356,100590220
2357,100648381
2358,100648522
2359,100629525
2360,100648092
2361,100372034
2362,100648523
2363,100514097
2364,100620877
2365,100635641
2366,100648380
2367,100623032
2368,100502279
2369,100551879
2370,100648399
2371,100643465
2372,100609123
2373,100481366
2374,100637055
2375,100648337
2376,100648557
2377,100612986
2378,100604178
2379,100601442
2380,100599156
2381,100596938
2382,100594464
2383,100611665
2384,100648564
2385,100648568
2386,100439030
2387,100632671
2388,100580916
2389,100648328
2390,100642613
2391,100648574
2392,100648562
2393,100638662
2394,100632013
2395,100648582
2396,100648235
2397,100479410
2398,100648127
2399,100648593
2400,100405407
2401,100648598
2402,100648595
2403,100641287
2404,100648526
2405,100594950
2406,100597166
2407,100648611
2408,100635947
2409,100648597
2410,100648616
2411,100648441
2412,100648576
2413,100552804
2414,100162022
2415,100421092
2416,100648525
2417,100621933
2418,100605740
2419,100648579
2420,100648619
2421,100639374
2422,100648628
2423,100355910
2424,100609968
2425,100648503
2426,100648630
2427,100648160
2428,100648640
2429,100410967
2430,100648634
2431,100499721
2432,100648645
2433,100639505
2434,100648572
2435,100640566
2436,100635687
2437,100648667
2438,100648691
2439,100487394
2440,100648701
2441,100596285
2442,100586339
2443,100573312
2444,100589783
2445,100602362
2446,100648728
2447,100648688
2448,100648689
2449,100452584
2450,100450283
2451,100648724
2452,100573350
2453,100480013
2454,100585207
2455,100612410
2456,100635885
2457,100625945
2458,100648735
2459,100640809
2460,100513129
2461,100648739
2462,100648022
2463,100598261
2464,100648742
2465,100648745
2466,100648749
2467,100648752
2468,100421852
2469,100424945
2470,100626767
2471,100483860
2472,100648774
2473,100648759
2474,100648771
2475,100648761
2476,100648704
2477,100648766
2478,100631958
2479,100648796
2480,100648791
2481,100648784
2482,100648799
2483,100648788
2484,100583327
2485,100271414
2486,100616992
2487,100648768
2488,100648816
2489,100612260
2490,100608138
2491,100608120
2492,100605693
2493,100584280
2494,100593266
2495,100561295
2496,100578974
2497,100538752
2498,100535606
2499,100529200
2500,100648802
2501,100648820
2502,100552233
2503,100648864
2504,100648830
2505,100520908
2506,100478580
2507,100464361
2508,100648643
2509,100644260
2510,100644262
2511,100648883
2512,100648416
2513,100555293
2514,100566540
2515,100648717
2516,100644170
2517,100648889
2518,100648892
2519,100634090
2520,100639241
2521,100598053
2522,100539081
2523,100451601
2524,100259374
2525,100591657
2526,100182666
2527,100648706
2528,100648778
2529,100648491
2530,100648763
2531,100648886
2532,100632329
2533,100608376
2534,100451858
2535,100602818
2536,100591228
2537,100570890
2538,100536043
2539,100648904
2540,100579280
2541,100635329
2542,100636733
2543,100636760
2544,100636831
2545,100636818
2546,100622155
2547,100636261
2548,100642542
2549,100648907
2550,100648909
2551,100648915
2552,100593698
2553,100591217
2554,100538794
2555,100535888
2556,100526635
2557,100519527
2558,100518852
2559,100518853
2560,100648921
2561,100343519
2562,100598220
2563,100648930
2564,100619276
2565,100648912
2566,100648822
2567,100648940
2568,100648941
2569,100648943
2570,100648925
2571,100648946
2572,100648948
2573,100630815
2574,100648261
2575,100523266
2576,100523268
2577,100566887
2578,100513740
2579,100523272
2580,100488931
2581,100479895
2582,100471988
2583,100523274
2584,100187654
2585,100639718
2586,100648059
2587,100648976
2588,100623327
2589,100618140
2590,100608205
2591,100615181
2592,100613960
2593,100582794
2594,100535887
2595,100488561
2596,100605882
2597,100603530
2598,100595969
2599,100648981
2600,100649003
2601,100648994
2602,100189004
2603,100226154
2604,100582796
2605,100160890
2606,100448173
2607,100430790
2608,100484296
2609,100582910
2610,100593791
2611,100648999
2612,100648968
2613,100648807
2614,100369121
2615,100648748
2616,100443870
2617,100472589
2618,100556368
2619,100422434
2620,100109948
2621,100648510
2622,100333902
2623,100648514
2624,100597878
2625,100593917
2626,100634976
2627,100476381
2628,100428536
2629,100586385
2630,100581513
2631,100649048
2632,100649032
2633,100642157
2634,100649064
2635,100649059
2636,100649045
2637,100610971
2638,100649040
2639,100606154
2640,100649100
2641,100634681
2642,100649087
2643,100649138
2644,100649122
2645,100648561
2646,100649114
2647,100649085
2648,100609264
2649,100596345
2650,100432654
2651,100649047
2652,100649147
2653,100649110
2654,100648074
2655,100649167
2656,100648048
2657,100648040
2658,100648078
2659,100632351
2660,100649094
2661,100593121
2662,100648072
2663,100649202
2664,100649192
2665,100648911
2666,100633095
2667,100649214
2668,100648029
2669,100649151
2670,100619354
2671,100649112
2672,100456918
2673,100649193
2674,100589227
2675,100181970
2676,100613693
2677,100649241
2678,100648069
2679,100648017
2680,100428450
2681,100649191
2682,100648011
2683,100648010
2684,100648004
2685,100648007
2686,100647991
2687,100647965
2688,100647968
2689,100647962
2690,100647977
2691,100647960
2692,100649260
2693,100648984
2694,100649245
2695,100649276
2696,100428991
2697,100649266
2698,100411380
2699,100649068
2700,100649153
2701,100647975
2702,100647987
2703,100647990
2704,100647989
2705,100647995
2706,100648001
2707,100648008
2708,100648005
2709,100648006
2710,100649250
2711,100647976
2712,100647973
2713,100647970
2714,100647967
2715,100647966
2716,100647961
2717,100647954
2718,100649269
2719,100640650
2720,100428887
2721,100434285
2722,100431284
2723,100644144
2724,100640651
2725,100585318
2726,100555029
2727,100499007
2728,100449311
2729,100649311
2730,100555032
2731,100649320
2732,100437740
2733,100440508
2734,100443557
2735,100485273
2736,100565655
2737,100458291
2738,100562053
2739,100649305
2740,100571452
2741,100568828
2742,100573373
2743,100579798
2744,100584850
2745,100576778
2746,100631095
2747,100628477
2748,100501838
2749,100587633
2750,100649196
2751,100649136
2752,100593095
2753,100591922
2754,100590609
2755,100589234
2756,100601966
2757,100607823
2758,100603877
2759,100613256
2760,100616086
2761,100619959
2762,100624370
2763,100622563
2764,100632697
2765,100635197
2766,100637310
2767,100630256
2768,100648060
2769,100648061
2770,100649188
2771,100648020
2772,100649314
2773,100649327
2774,100649190
2775,100649179
2776,100649330
2777,100649299
2778,100620903
2779,100649347
2780,100637472
2781,100649333
2782,100649283
2783,100058971
2784,100368160
2785,100649373
2786,100649364
2787,100649292
2788,100445089
2789,100632345
2790,100597715
2791,100493325
2792,100649370
2793,100632364
2794,100630454
2795,100398568
2796,100523270
2797,100649403
2798,100649070
2799,100649399
2800,100631690
2801,100632202
2802,100649451
2803,100649408
2804,100649449
2805,100451867
2806,100649142
2807,100649461
2808,100649367
2809,100649386
2810,100386717
2811,100649475
2812,100649503
2813,100649385
2814,100649500
2815,100649186
2816,100649376
2817,100434659
2818,100649095
2819,100553667
2820,100649521
2821,100649518
2822,100504917
2823,100649524
2824,100649189
2825,100639842
2826,100649387
2827,100480045
2828,100084461
2829,100649155
2830,100649103
2831,100649108
2832,100505500
2833,100505326
2834,100497938
2835,100649140
2836,100613215
2837,100453798
2838,100638661
2839,100649527
2840,100649533
2841,100425348
2842,100168797
2843,100394069
2844,100638147
2845,100444136
2846,100641789
2847,100649476
2848,100648517
2849,100649537
2850,100649543
2851,100640682
2852,100273471
2853,100151425
2854,100649490
2855,100649553
2856,100649569
2857,100649084
2858,100649071
2859,100644931
2860,100649496
2861,100649477
2862,100649558
2863,100649571
2864,100643504
2865,100649581
2866,100638676
2867,100649562
2868,100649548
2869,100649574
2870,100649597
2871,100590629
2872,100649610
2873,100649540
2874,100649614
2875,100634231
2876,100546824
2877,100587606
2878,100648034
2879,100606001
2880,100649633
2881,100649635
2882,100649612
2883,100649642
2884,100649588
2885,100649661
2886,100649580
2887,100649620
2888,100639146
2889,100649668
2890,100636913
2891,100628664
2892,100649205
2893,100649601
2894,100642412
2895,100585370
2896,100587513
2897,100641904
2898,100649687
2899,100649667
2900,100649703
2901,100585491
2902,100649665
2903,100637734
2904,100587740
2905,100580458
2906,100648263
2907,100649723
2908,100649739
2909,100649198
2910,100649705
2911,100648863
2912,100597909
2913,100494081
2914,100494997
2915,100487173
2916,100648924
2917,100591839
2918,100558890
2919,100559551
2920,100559276
2921,100453602
2922,100649697
2923,100649693
2924,100642116
2925,100634044
2926,100620604
2927,100582092
2928,100580471
2929,100636870
2930,100591542
2931,100552575
2932,100649715
2933,100649792
2934,100649791
2935,100449983
2936,100623038
2937,100649646
2938,100513375
2939,100649707
2940,100649769
2941,100649776
2942,100647207
2943,100499378
2944,100496401
2945,100493669
2946,100490793
2947,100475496
2948,100473278
2949,100455533
2950,100440650
2951,100422423
2952,100405439
2953,100649803
2954,100639492
2955,100552517
2956,100649821
2957,100640213
2958,100623284
2959,100595566
2960,100605921
2961,100598226
2962,100186935
2963,100183751
2964,100049675
2965,100116539
2966,100345638
2967,100344980
2968,100649859
2969,100649879
2970,100649868
2971,100347817
2972,100357860
2973,100354971
2974,100350630
2975,100348542
2976,100429170
2977,100649885
2978,100649863
2979,100649874
2980,100649873
2981,100649710
2982,100649700
2983,100648141
2984,100649866
2985,100365594
2986,100610225
2987,100524699
2988,100393904
2989,100591820
2990,100648524
2991,100498994
2992,100649853
2993,100309305
2994,100405438
2995,100649889
2996,100417123
2997,100192980
2998,100408121
2999,100508490
3000,100349119
3001,100364274
3002,100463421
3003,100599415
3004,100649917
3005,100625794
3006,100509563
3007,100458487
3008,100522492
3009,100510476
3010,100595508
3011,100362391
3012,100649924
3013,100649794
3014,100071744
3015,100364346
3016,100277646
3017,100478012
3018,100484169
3019,100595627
3020,100380253
3021,100485699
3022,100646555
3023,100633684
3024,100626390
3025,100649929
3026,100649936
3027,100649933
3028,100649949
3029,100649915
3030,100649916
3031,100630935
3032,100449384
3033,100635278
3034,100287332
3035,100569111
3036,100644067
3037,100649960
3038,100463677
3039,100359164
3040,100357835
3041,100357834
3042,100357833
3043,100357831
3044,100644052
3045,100649984
3046,100649999
3047,100470044
3048,100650015
3049,100637885
3050,100650047
3051,100650010
3052,100650052
3053,100245245
3054,100649965
3055,100534117
3056,100570652
3057,100650060
3058,100650063
3059,100488567
3060,100650004
3061,100589690
3062,100650067
3063,100649986
3064,100650056
3065,100649950
3066,100649995
3067,100650001
3068,100650002
3069,100649997
3070,100649996
3071,100650000
3072,100649998
3073,100649990
3074,100649992
3075,100649991
3076,100649989
3077,100649994
3078,100649993
3079,100187843
3080,100456129
3081,100445090
3082,100621632
3083,100475795
3084,100648914
3085,100619426
3086,100565405
3087,100648178
3088,100619134
3089,100562533
3090,100593768
3091,100566490
3092,100581290
3093,100638537
3094,100581964
3095,100650006
3096,100649675
3097,100649795
3098,100595466
3099,100650059
3100,100400556
3101,100620702
3102,100184106
3103,100503400
3104,100378680
3105,100403240
3106,100363923
3107,100522019
3108,100502656
3109,100472612
3110,100435062
3111,100399352
3112,100417231
3113,100650094
3114,100177259
3115,100632188
3116,100379805
3117,100385650
3118,100151629
3119,100434263
3120,100650085
3121,100487527
3122,100231806
3123,100394698
3124,100584033
3125,100388614
3126,100246624
3127,100543368
3128,100232352
3129,100499043
3130,100460092
3131,100326926
3132,100488452
3133,100455851
3134,100502548
3135,100426850
3136,100436838
3137,100377181
3138,100253996
3139,100496480
3140,100641908
3141,100578535
3142,100650129
3143,100619291
3144,100650127
3145,100650133
3146,100643033
3147,100650137
3148,100650141
3149,100650144
3150,100650131
3151,100650156
3152,100536285
3153,100626683
3154,100620523
3155,100649968
3156,100649932
3157,100642786
3158,100610032
3159,100650164
3160,100338984
3161,100638656
3162,100628508
3163,100346344
3164,100285588
3165,100235759
3166,100259173
3167,100366142
3168,100309099
3169,100650206
3170,100650207
3171,100649912
3172,100650228
3173,100590598
3174,100643752
3175,100650235
3176,100650231
3177,100650237
3178,100403522
3179,100650173
3180,100616967
3181,100650220
3182,100565224
3183,100440649
3184,100650277
3185,100650255
3186,100440718
3187,100492655
3188,100650261
3189,100649741
3190,100650244
3191,100650174
3192,100640538
3193,100579605
3194,100650271
3195,100650332
3196,100488892
3197,100488750
3198,100487650
3199,100485347
3200,100484528
3201,100650266
3202,100616656
3203,100650343
3204,100650338
3205,100650279
3206,100608128
3207,100617229
3208,100650250
3209,100061071
3210,100324153
3211,100650350
3212,100605762
3213,100650357
3214,100650379
3215,100650375
3216,100622772
3217,100622753
3218,100602251
3219,100590416
3220,100570531
3221,100650395
3222,100650409
3223,100641141
3224,100650416
3225,100643140
3226,100644942
3227,100640646
3228,100650426
3229,100650452
3230,100650191
3231,100650151
3232,100650468
3233,100650436
3234,100650498
3235,100622805
3236,100650398
3237,100610877
3238,100576239
3239,100649591
3240,100650512
3241,100650507
3242,100385934
3243,100650549
3244,100650565
3245,100619241
3246,100362913
3247,100619536
3248,100650346
3249,100506033
3250,100650552
3251,100575193
3252,100489223
3253,100079266
3254,100475251
3255,100608424
3256,100614499
3257,100480984
3258,100650596
3259,100595651
3260,100595640
3261,100595638
3262,100650444
3263,100596985
3264,100650515
3265,100650617
3266,100650368
3267,100650614
3268,100359249
3269,100626756
3270,100650555
3271,100650633
3272,100425363
3273,100650551
3274,100525510
3275,100650423
3276,100650630
3277,100650213
3278,100650473
3279,100608999
3280,100650547
3281,100650488
3282,100650455
3283,100422735
3284,100638652
3285,100649872
3286,100589775
3287,100650639
3288,100302322
3289,100628647
3290,100530095
3291,100628133
3292,100643080
3293,100631793
3294,100564637
3295,100650668
3296,100650671
3297,100650677
3298,100650610
3299,100650702
3300,100650701
3301,100650430
3302,100650673
3303,100484142
3304,100650707
3305,100650689
3306,100650608
3307,100650637
3308,100650683
3309,100650718
3310,100650609
3311,100650660
3312,100611126
3313,100322215
3314,100650727
3315,100638697
3316,100594547
3317,100519517
3318,100650709
3319,100650742
3320,100650726
3321,100650787
3322,100630003
3323,100636796
3324,100650720
3325,100650797
3326,100650806
3327,100650814
3328,100650830
3329,100650826
3330,100650844
3331,100650869
3332,100650824
3333,100612333
3334,100650811
3335,100650782
3336,100461394
3337,100150908
3338,100650850
3339,100650894
3340,100650801
3341,100650872
3342,100650809
3343,100650716
3344,100650879
3345,100650812
3346,100650935
3347,100650858
3348,100638331
3349,100650931
3350,100650945
3351,100637435
3352,100650876
3353,100557887
3354,100650795
3355,100650992
3356,100650989
3357,100620503
3358,100602594
3359,100593212
3360,100651015
3361,100651005
3362,100385318
3363,100385273
3364,100382419
3365,100651046
3366,100650998
3367,100628597
3368,100651008
3369,100651024
3370,100504122
3371,100573621
3372,100532855
3373,100651081
3374,100481402
3375,100648231
3376,100651054
3377,100651099
3378,100561618
3379,100452652
3380,100651104
3381,100651048
3382,100597232
3383,100444456
3384,100588256
3385,100591490
3386,100651017
3387,100571506
3388,100651126
3389,100650527
3390,100651129
3391,100651130
3392,100624868
3393,100645687
3394,100633812
3395,100633850
3396,100633875
3397,100650283
3398,100651136
3399,100648129
3400,100623044
3401,100623047
3402,100651139
3403,100554323
3404,100638366
3405,100636698
3406,100635131
3407,100633531
3408,100651142
3409,100651073
3410,100650696
3411,100650546
3412,100651155
3413,100651157
3414,100577767
3415,100642687
3416,100617145
3417,100641420
3418,100579060
3419,100639998
3420,100651177
3421,100651182
3422,100651053
3423,100593982
3424,100651145
3425,100596107
3426,100480192
3427,100650759
3428,100651212
3429,100452391
3430,100586838
3431,100401659
3432,100651194
3433,100595606
3434,100573821
3435,100498517
3436,100412942
3437,100642949
3438,100621028
3439,100321799
3440,100639468
3441,100619946
3442,100481457
3443,100643990
3444,100651198
3445,100651020
3446,100650986
3447,100562189
3448,100542228
3449,100650316
3450,100608028
3451,100561757
3452,100487614
3453,100486544
3454,100489963
3455,100473412
3456,100474248
3457,100484431
3458,100329824
3459,100555582
3460,100344829
3461,100487609
3462,100448890
3463,100574961
3464,100651215
3465,100651027
3466,100643135
3467,100639363
3468,100651270
3469,100651254
3470,100651242
3471,100651032
3472,100647672
3473,100647712
3474,100647745
3475,100651286
3476,100651259
3477,100595662
3478,100651301
3479,100651159
3480,100649275
3481,100651304
3482,100651324
3483,100651297
3484,100440644
3485,100439552
3486,100550486
3487,100651022
3488,100650611
3489,100640400
3490,100568454
3491,100651344
3492,100651332
3493,100651397
3494,100651338
3495,100651372
3496,100611102
3497,100629557
3498,100630466
3499,100651413
3500,100651420
3501,100651296
3502,100651441
3503,100651148
3504,100645610
3505,100651469
3506,100651360
3507,100637338
3508,100651484
3509,100651438
3510,100640347
3511,100651481
3512,100641433
3513,100651442
3514,100491383
3515,100373670
3516,100373213
3517,100651502
3518,100651547
3519,100521674
3520,100650864
3521,100632754
3522,100651511
3523,100651467
3524,100651542
3525,100651309
3526,100651369
3527,100651289
3528,100651291
3529,100651290
3530,100651288
3531,100608137
3532,100651276
3533,100651546
3534,100651265
3535,100651280
3536,100651247
3537,100321383
3538,100351184
3539,100588093
3540,100651366
3541,100651594
3542,100622213
3543,100552689
3544,100437720
3545,100621573
3546,100192446
3547,100614550
3548,100651626
3549,100613556
3550,100612870
3551,100651636
3552,100611888
3553,100651613
3554,100631475
3555,100623401
3556,100651621
3557,100474808
3558,100472833
3559,100639094
3560,100593700
3561,100496260
3562,100651644
3563,100232626
3564,100506407
3565,100594258
3566,100622774
3567,100622992
3568,100651659
3569,100651687
3570,100305933
3571,100651678
3572,100491270
3573,100651732
3574,100624448
3575,100651669
3576,100651779
3577,100651745
3578,100651763
3579,100651772
3580,100651703
3581,100603376
3582,100651795
3583,100651804
3584,100612416
3585,100651817
3586,100336076
3587,100598728
3588,100606972
3589,100651825
3590,100651792
3591,100637962
3592,100627753
3593,100651790
3594,100651801
3595,100651830
3596,100563018
3597,100651827
3598,100593867
3599,100651847
3600,100398123
3601,100563300
3602,100622713
3603,100622751
3604,100622758
3605,100414674
3606,100436115
3607,100268825
3608,100651806
3609,100651850
3610,100651836
3611,100651232
3612,100651809
3613,100361967
3614,100558554
3615,100586795
3616,100651303
3617,100644346
3618,100588176
3619,100586635
3620,100650334
3621,100638703
3622,100637935
3623,100636882
3624,100633130
3625,100634130
3626,100632771
3627,100632666
3628,100651670
3629,100641774
3630,100622922
3631,100617401
3632,100611427
3633,100598373
3634,100559015
3635,100555050
3636,100544696
3637,100536173
3638,100530289
3639,100527026
3640,100518174
3641,100514154
3642,100508873
3643,100505654
3644,100499708
3645,100496443
3646,100493686
3647,100489089
3648,100486789
3649,100482078
3650,100478716
3651,100450358
3652,100443702
3653,100438462
3654,100434875
3655,100432071
3656,100428644
3657,100425833
3658,100422786
3659,100422254
3660,100421582
3661,100421078
3662,100420506
3663,100419841
3664,100419641
3665,100419592
3666,100419120
3667,100650833
3668,100642467
3669,100637059
3670,100640379
3671,100637653
3672,100626493
3673,100626015
3674,100622597
3675,100621637
3676,100621434
3677,100621406
3678,100621391
3679,100621213
3680,100621006
3681,100620952
3682,100620936
3683,100620711
3684,100620679
3685,100620558
3686,100620530
3687,100620453
3688,100635196
3689,100620442
3690,100620298
3691,100620075
3692,100619994
3693,100619898
3694,100619869
3695,100619866
3696,100619669
3697,100619582
3698,100619510
3699,100619397
3700,100619274
3701,100619216
3702,100619081
3703,100619012
3704,100618950
3705,100618806
3706,100618775
3707,100618679
3708,100618553
3709,100618508
3710,100618374
3711,100617940
3712,100617769
3713,100617732
3714,100617697
3715,100617595
3716,100617091
3717,100617046
3718,100616870
3719,100616813
3720,100616604
3721,100616567
3722,100616520
3723,100616277
3724,100616208
3725,100616112
3726,100616062
3727,100616013
3728,100628413
3729,100626709
3730,100626711
3731,100626495
3732,100626496
3733,100622664
3734,100628326
3735,100575200
3736,100643312
3737,100511433
3738,100304812
3739,100313152
3740,100651803
3741,100630658
3742,100481761
3743,100478016
3744,100478848
3745,100478855
3746,100341925
3747,100650605
3748,100650606
3749,100623131
3750,100240808
3751,100639292
3752,100641135
3753,100574506
3754,100239151
3755,100630699
3756,100625079
3757,100607974
3758,100628693
3759,100605793
3760,100651862
3761,100651845
3762,100651876
3763,100651880
3764,100651858
3765,100631713
3766,100620973
3767,100617433
3768,100611058
3769,100651873
3770,100609466
3771,100159750
3772,100651890
3773,100389116
3774,100434486
3775,100475167
3776,100631507
3777,100170726
3778,100651894
3779,100286994
3780,100058134
3781,100651898
3782,100399468
3783,100510865
3784,100651735
3785,100381929
3786,100427640
3787,100651902
3788,100625718
3789,100455143
3790,100638601
3791,100651913
3792,100602093
3793,100651905
3794,100521131
3795,100651854
3796,100284122
3797,100651887
3798,100504674
3799,100453073
3800,100605900
3801,100605302
3802,100605266
3803,100605199
3804,100604938
3805,100604684
3806,100651920
3807,100279755
3808,100594151
3809,100651855
3810,100331346
3811,100651835
3812,100407677
3813,100084642
3814,100509886
3815,100514729
3816,100623093
3817,100148715
3818,100209659
3819,100215234
3820,100360325
3821,100579642
3822,100651928
3823,100651917
3824,100532152
3825,100417656
3826,100396674
3827,100555124
3828,100286653
3829,100591495
3830,100340901
3831,100493310
3832,100224846
3833,100651925
3834,100564967
3835,100493173
3836,100484776
3837,100531830
3838,100441884
3839,100118419
3840,100651934
3841,100518120
3842,100651937
3843,100153736
3844,100417128
3845,100290464
3846,100302484
3847,100342877
3848,100294024
3849,100593508
3850,100570712
3851,100269754
3852,100174944
3853,100586571
3854,100515894
3855,100452201
3856,100095319
3857,100486307
3858,100372883
3859,100532102
3860,100573773
3861,100555657
3862,100237619
3863,100651941
3864,100134731
3865,100561814
3866,100643779
3867,100620325
3868,100630764
3869,100603423
3870,100593225
3871,100067820
3872,100502341
3873,100153743
3874,100589463
3875,100342675
3876,100129799
3877,100616526
3878,100218864
3879,100227931
3880,100362754
3881,100082929
3882,100456056
3883,100499234
3884,100486170
3885,100144554
3886,100311818
3887,100605136
3888,100627287
3889,100601983
3890,100623027
3891,100622988
3892,100614171
3893,100651950
3894,100475401
3895,100491042
3896,100473063
3897,100631787
3898,100564679
3899,100627240
3900,100432138
3901,100084861
3902,100503049
3903,100384867
3904,100383785
3905,100496262
3906,100580209
3907,100620796
3908,100651962
3909,100078005
3910,100639871
3911,100491165
3912,100352420
3913,100651713
3914,100621487
3915,100651966
3916,100651976
3917,100000166
3918,100085007
3919,100651970
3920,100585761
3921,100226475
3922,100574060
3923,100615229
3924,100651992
3925,100427336
3926,100383246
3927,100573148
3928,100651987
3929,100304332
3930,100156121
3931,100651990
3932,100482230
3933,100413047
3934,100652017
3935,100460391
3936,100531784
3937,100636592
3938,100302480
3939,100362960
3940,100536842
3941,100512668
3942,100385437
3943,100364270
3944,100367991
3945,100533163
3946,100513806
3947,100561556
3948,100519537
3949,100383133
3950,100316037
3951,100377440
3952,100473340
3953,100017383
3954,100514185
3955,100617779
3956,100304310
3957,100597247
3958,100480964
3959,100241326
3960,100154049
3961,100303286
3962,100377620
3963,100554953
3964,100303484
3965,100515030
3966,100314891
3967,100447490
3968,100304431
3969,100072202
3970,100101800
3971,100581686
3972,100533513
3973,100552766
3974,100072327
3975,100315676
3976,100527257
3977,100436109
3978,100516877
3979,100504368
3980,100341726
3981,100118876
3982,100407558
3983,100073411
3984,100616979
3985,100627071
3986,100496217
3987,100422515
3988,100536216
3989,100652044
3990,100397149
3991,100572084
3992,100071071
3993,100580796
3994,100101483
3995,100070667
3996,100553994
3997,100423984
3998,100652046
3999,100306283
4000,100606614
4001,100072493
4002,100189777
4003,100500332
4004,100151171
4005,100352692
4006,100430557
4007,100446001
4008,100111658
4009,100651564
4010,100304373
4011,100626339
4012,100175043
4013,100071060
4014,100361319
4015,100637905
4016,100633294
4017,100633233
4018,100161455
4019,100652033
4020,100641491
4021,100652066
4022,100649871
4023,100650072
4024,100227791
4025,100487708
4026,100642153
4027,100186727
4028,100620959
4029,100651989
4030,100652075
4031,100606950
4032,100631524
4033,100652100
4034,100631049
4035,100652070
4036,100604951
4037,100642265
4038,100652096
4039,100502400
4040,100638797
4041,100652121
4042,100587973
4043,100625284
4044,100652011
4045,100627854
4046,100652093
4047,100049903
4048,100652126
4049,100087442
4050,100070043
4051,100227074
4052,100326491
4053,100408644
4054,100652108
4055,100535523
4056,100506869
4057,100586028
4058,100652086
4059,100259335
4060,100528025
4061,100076526
4062,100182434
4063,100500137
4064,100365190
4065,100256301
4066,100568683
4067,100514806
4068,100389191
4069,100488900
4070,100507842
4071,100651402
4072,100492771
4073,100652130
4074,100553780
4075,100558503
4076,100341817
4077,100192128
4078,100193797
4079,100651716
4080,100652139
4081,100582686
4082,100626597
4083,100652144
4084,100451048
4085,100652168
4086,100614468
4087,100093053
4088,100652154
4089,100652165
4090,100652152
4091,100652153
4092,100652151
4093,100652179
4094,100548567
4095,100531720
4096,100401777
4097,100537014
4098,100652191
4099,100627483
4100,100481787
4101,100539778
4102,100652189
4103,100652193
4104,100652195
4105,100652194
4106,100652184
4107,100469428
4108,100469926
4109,100651676
4110,100652200
4111,100652074
4112,100652262
4113,100652225
4114,100485730
4115,100652176
4116,100638837
4117,100652287
4118,100652078
4119,100652218
4120,100641435
4121,100652312
4122,100652271
4123,100652325
4124,100652322
4125,100652267
4126,100651410
4127,100651409
4128,100651406
4129,100652346
4130,100652299
4131,100651308
4132,100651404
4133,100651403
4134,100651370
4135,100651363
4136,100651348
4137,100651432
4138,100651419
4139,100651307
4140,100651411
4141,100651407
4142,100651405
4143,100651401
4144,100651395
4145,100651337
4146,100651311
4147,100651322
4148,100651294
4149,100651321
4150,100651317
4151,100651378
4152,100651377
4153,100651341
4154,100651396
4155,100651343
4156,100651312
4157,100651299
4158,100652369
4159,100648690
4160,100483249
4161,100574001
4162,100652303
4163,100652367
4164,100652306
4165,100652328
4166,100595775
4167,100518711
4168,100652392
4169,100652236
4170,100651313
4171,100651314
4172,100651330
4173,100651335
4174,100651379
4175,100366115
4176,100407514
4177,100652418
4178,100614432
4179,100144206
4180,100652416
4181,100652409
4182,100587842
4183,100652307
4184,100321381
4185,100148357
4186,100652434
4187,100602695
4188,100277735
4189,100383026
4190,100229371
4191,100652455
4192,100652467
4193,100652471
4194,100590484
4195,100622496
4196,100592937
4197,100327039
4198,100327050
4199,100327100
4200,100627117
4201,100330795
4202,100332528
4203,100334532
4204,100445550
4205,100335266
4206,100340917
4207,100576606
4208,100312662
4209,100281359
4210,100341408
4211,100501836
4212,100343825
4213,100592703
4214,100364172
4215,100652426
4216,100652523
4217,100478343
4218,100484991
4219,100492140
4220,100506311
4221,100581460
4222,100491299
4223,100489982
4224,100652470
4225,100652597
4226,100652626
4227,100484189
4228,100652061
4229,100475097
4230,100652655
4231,100419389
4232,100413964
4233,100597001
4234,100652673
4235,100652678
4236,100424825
4237,100414117
4238,100413949
4239,100416313
4240,100529918
4241,100491285
4242,100522145
4243,100491201
4244,100652663
4245,100652586
4246,100488806
4247,100488830
4248,100485594
4249,100485140
4250,100484940
4251,100652365
4252,100484722
4253,100484442
4254,100482861
4255,100481579
4256,100477846
4257,100475281
4258,100474708
4259,100652682
4260,100652478
4261,100652740
4262,100652737
4263,100630747
4264,100652545
4265,100652639
4266,100180204
4267,100147676
4268,100067437
4269,100413516
4270,100652745
4271,100652619
4272,100395503
4273,100652684
4274,100652727
4275,100574167
4276,100553518
4277,100652698
4278,100652743
4279,100652681
4280,100517591
4281,100595612
4282,100575104
4283,100329894
4284,100277682
4285,100652514
4286,100302462
4287,100502337
4288,100487878
4289,100516829
4290,100331501
4291,100652461
4292,100652658
4293,100652622
4294,100652616
4295,100535625
4296,100652763
4297,100652294
4298,100652773
4299,100652767
4300,100591372
4301,100652781
4302,100652777
4303,100596570
4304,100652771
4305,100652785
4306,100652800
4307,100652686
4308,100540215
4309,100526304
4310,100563241
4311,100652804
4312,100652624
4313,100652621
4314,100652825
4315,100652826
4316,100652795
4317,100652571
4318,100528666
4319,100450905
4320,100652841
4321,100652860
4322,100652788
4323,100611712
4324,100652447
4325,100652786
4326,100652866
4327,100652846
4328,100609591
4329,100652446
4330,100652869
4331,100652595
4332,100357517
4333,100651793
4334,100579775
4335,100652876
4336,100652875
4337,100633685
4338,100652883
4339,100652891
4340,100128451
4341,100652196
4342,100624712
4343,100652886
4344,100652895
4345,100630395
4346,100144077
4347,100516501
4348,100652913
4349,100634053
4350,100264405
4351,100264375
4352,100264339
4353,100264328
4354,100264315
4355,100580083
4356,100264307
4357,100264254
4358,100652935
4359,100263534
4360,100263735
4361,100263733
4362,100263621
4363,100263540
4364,100263521
4365,100263481
4366,100263464
4367,100263458
4368,100633101
4369,100263451
4370,100263441
4371,100263427
4372,100263379
4373,100263364
4374,100652943
4375,100263358
4376,100652850
4377,100591342
4378,100652898
4379,100652911
4380,100588594
4381,100588487
4382,100588410
4383,100588359
4384,100597831
4385,100290438
4386,100288629
4387,100642212
4388,100588237
4389,100588134
4390,100595669
4391,100640791
4392,100619905
4393,100452529
4394,100652731
4395,100452848
4396,100596070
4397,100541988
4398,100085873
4399,100652950
4400,100652960
4401,100652987
4402,100652962
4403,100653009
4404,100652953
4405,100652877
4406,100653014
4407,100653011
4408,100619817
4409,100619394
4410,100619473
4411,100311811
4412,100311828
4413,100653010
4414,100619382
4415,100619451
4416,100619624
4417,100619519
4418,100598859
4419,100615683
4420,100610197
4421,100621014
4422,100619698
4423,100619583
4424,100653019
4425,100615684
4426,100613088
4427,100619793
4428,100619513
4429,100615213
4430,100653093
4431,100611149
4432,100653070
4433,100613089
4434,100616257
4435,100610695
4436,100641232
4437,100518563
4438,100554393
4439,100653096
4440,100455534
4441,100562187
4442,100535514
4443,100653100
4444,100491287
4445,100491566
4446,100491406
4447,100653184
4448,100653109
4449,100652998
4450,100652441
4451,100653219
4452,100652654
4453,100653136
4454,100653244
4455,100485678
4456,100496475
4457,100616142
4458,100653142
4459,100653212
4460,100630775
4461,100653025
4462,100652421
4463,100429131
4464,100653247
4465,100653275
4466,100653250
4467,100392443
4468,100653145
4469,100487086
4470,100653257
4471,100653170
4472,100635870
4473,100603797
4474,100653291
4475,100653267
4476,100492057
4477,100653104
4478,100653254
4479,100639076
4480,100653180
4481,100653287
4482,100631353
4483,100635864
4484,100563678
4485,100626613
4486,100582895
4487,100652872
4488,100653256
4489,100652596
4490,100615341
4491,100574256
4492,100489004
4493,100469901
4494,100653293
4495,100653298
4496,100653345
4497,100593909
4498,100379244
4499,100653327
4500,100653302
4501,100653323
4502,100653252
4503,100652703
4504,100653362
4505,100652406
4506,100653308
4507,100193138
4508,100549193
4509,100549140
4510,100638217
4511,100653367
4512,100652862
4513,100636549
4514,100633102
4515,100653318
4516,100636460
4517,100653380
4518,100278086
4519,100277112
4520,100274550
4521,100331655
4522,100653343
4523,100653260
4524,100653407
4525,100653365
4526,100636605
4527,100264035
4528,100334362
4529,100653403
4530,100653351
4531,100652817
4532,100653416
4533,100653424
4534,100653335
4535,100652020
4536,100653389
4537,100061443
4538,100653411
4539,100598886
4540,100653446
4541,100653438
4542,100653358
4543,100653372
4544,100541908
4545,100532544
4546,100631163
4547,100653458
4548,100653465
4549,100653449
4550,100653464
4551,100653455
4552,100653421
4553,100630283
4554,100650785
4555,100653461
4556,100651982
4557,100653462
4558,100389537
4559,100383500
4560,100371779
4561,100653532
4562,100653527
4563,100653551
4564,100153902
4565,100350730
4566,100633311
4567,100653529
4568,100653499
4569,100551062
4570,100502103
4571,100652265
4572,100653554
4573,100607474
4574,100636070
4575,100653557
4576,100653493
4577,100653597
4578,100653561
4579,100607274
4580,100653588
4581,100650607
4582,100653589
4583,100653601
4584,100653443
4585,100612719
4586,100612707
4587,100643389
4588,100653617
4589,100548499
4590,100452443
4591,100303904
4592,100620007
4593,100619589
4594,100637042
4595,100637021
4596,100636543
4597,100636523
4598,100636317
4599,100636224
4600,100636154
4601,100653593
4602,100636026
4603,100635818
4604,100653378
4605,100653558
4606,100635771
4607,100635726
4608,100635699
4609,100607779
4610,100584472
4611,100653606
4612,100653712
4613,100639354
4614,100653675
4615,100653710
4616,100653724
4617,100653729
4618,100653722
4619,100606427
4620,100653757
4621,100634247
4622,100653740
4623,100653720
4624,100653763
4625,100653755
4626,100633901
4627,100632367
4628,100524831
4629,100632116
4630,100603307
4631,100399829
4632,100560421
4633,100558393
4634,100653785
4635,100396593
4636,100603422
4637,100653765
4638,100510169
4639,100454955
4640,100634433
4641,100624028
4642,100615946
4643,100612499
4644,100607230
4645,100607062
4646,100606982
4647,100610076
4648,100606776
4649,100606681
4650,100606452
4651,100606442
4652,100606273
4653,100606159
4654,100606046
4655,100605964
4656,100605930
4657,100605461
4658,100489299
4659,100488795
4660,100653759
4661,100385932
4662,100653822
4663,100653826
4664,100514408
4665,100653799
4666,100652480
4667,100369602
4668,100121507
4669,100292320
4670,100624606
4671,100653754
4672,100460064
4673,100653818
4674,100653843
4675,100653836
4676,100653830
4677,100653840
4678,100653834
4679,100653861
4680,100641427
4681,100653887
4682,100653543
4683,100653853
4684,100653869
4685,100653872
4686,100653871
4687,100653870
4688,100653873
4689,100653890
4690,100653885
4691,100653898
4692,100635912
4693,100527104
4694,100642897
4695,100653804
4696,100653772
4697,100653904
4698,100642895
4699,100653933
4700,100637207
4701,100653948
4702,100653977
4703,100650400
4704,100641403
4705,100653986
4706,100451055
4707,100653892
4708,100653927
4709,100653990
4710,100653930
4711,100654014
4712,100500222
4713,100630783
4714,100629789
4715,100564704
4716,100396670
4717,100654011
4718,100536957
4719,100653979
4720,100654046
4721,100570356
4722,100483794
4723,100483788
4724,100488460
4725,100484821
4726,100619128
4727,100596624
4728,100653793
4729,100654022
4730,100654109
4731,100413365
4732,100583827
4733,100654065
4734,100623242
4735,100609843
4736,100605781
4737,100653994
4738,100654112
4739,100654034
4740,100654151
4741,100526311
4742,100624790
4743,100619527
4744,100652919
4745,100650387
4746,100653211
4747,100653902
4748,100654186
4749,100654184
4750,100654178
4751,100654168
4752,100654225
4753,100654237
4754,100654246
4755,100654153
4756,100654243
4757,100470859
4758,100654288
4759,100654298
4760,100654303
4761,100654312
4762,100627228
4763,100654204
4764,100474762
4765,100504954
4766,100502948
4767,100640552
4768,100596257
4769,100654365
4770,100654337
4771,100652676
4772,100654050
4773,100617212
4774,100614319
4775,100654317
4776,100654292
4777,100654336
4778,100654364
4779,100654302
4780,100654239
4781,100654368
4782,100593307
4783,100438160
4784,100631185
4785,100654294
4786,100654390
4787,100654382
4788,100616504
4789,100654335
4790,100654350
4791,100654249
4792,100654387
4793,100654139
4794,100653875
4795,100654217
4796,100654240
4797,100437566
4798,100634311
4799,100635938
4800,100638692
4801,100618393
4802,100592713
4803,100592921
4804,100486567
4805,100483005
4806,100653658
4807,100654395
4808,100654339
4809,100654161
4810,100654404
4811,100632820
4812,100630143
4813,100574722
4814,100654417
4815,100654429
4816,100654398
4817,100654419
4818,100654422
4819,100654416
4820,100654418
4821,100654434
4822,100627798
4823,100606236
4824,100654426
4825,100654455
4826,100654463
4827,100654453
4828,100654476
4829,100653865
4830,100654449
4831,100654471
4832,100654438
4833,100654501
4834,100654524
4835,100434294
4836,100432487
4837,100431738
4838,100654491
4839,100654551
4840,100654489
4841,100653515
4842,100654498
4843,100654478
4844,100628980
4845,100654574
4846,100588452
4847,100499660
4848,100654556
4849,100654583
4850,100582715
4851,100583242
4852,100654554
4853,100358751
4854,100490410
4855,100652966
4856,100654600
4857,100610141
4858,100654367
4859,100604899
4860,100624902
4861,100540979
4862,100623065
4863,100633187
4864,100620369
4865,100522305
4866,100584306
4867,100654563
4868,100532299
4869,100465827
4870,100654619
4871,100654615
4872,100604712
4873,100654647
4874,100654427
4875,100654651
4876,100654411
4877,100654580
4878,100654630
4879,100654655
4880,100630191
4881,100532662
4882,100580531
4883,100522997
4884,100509668
4885,100413244
4886,100654625
4887,100588481
4888,100598776
4889,100653920
4890,100653878
4891,100652430
4892,100654682
4893,100654612
4894,100607072
4895,100654734
4896,100654705
4897,100626024
4898,100654712
4899,100464465
4900,100119836
4901,100119834
4902,100119800
4903,100575399
4904,100654762
4905,100566241
4906,100566690
4907,100560217
4908,100654746
4909,100654718
4910,100654760
4911,100620500
4912,100654665
4913,100654776
4914,100654733
4915,100654847
4916,100654724
4917,100654809
4918,100654837
4919,100654670
4920,100654853
4921,100654856
4922,100654521
4923,100654663
4924,100654659
4925,100654660
4926,100654661
4927,100654662
4928,100639969
4929,100653397
4930,100654680
4931,100603233
4932,100654861
4933,100654926
4934,100481736
4935,100455498
4936,100469854
4937,100654972
4938,100586326
4939,100654995
4940,100655008
4941,100654945
4942,100654999
4943,100359318
4944,100654432
4945,100469529
4946,100655033
4947,100631522
4948,100655030
4949,100654558
4950,100655042
4951,100643538
4952,100654990
4953,100608012
4954,100607521
4955,100475351
4956,100655004
4957,100654935
4958,100655046
4959,100655044
4960,100655049
4961,100655052
4962,100655055
4963,100622024
4964,100655084
4965,100655079
4966,100655039
4967,100655066
4968,100655088
4969,100655104
4970,100655062
4971,100408171
4972,100655099
4973,100655113
4974,100655123
4975,100655164
4976,100654079
4977,100654816
4978,100611367
4979,100602288
4980,100655145
4981,100655071
4982,100549240
4983,100655119
4984,100655177
4985,100655095
4986,100655109
4987,100655149
4988,100655167
4989,100655143
4990,100446085
4991,100655161
4992,100655170
4993,100654400
4994,100655181
4995,100655081
4996,100655152
4997,100655148
4998,100655187
4999,100617931
5000,100655092
5001,100617390
5002,100411333
5003,100624325
5004,100655204
5005,100655208
5006,100655195
5007,100655231
5008,100655185
5009,100655235
5010,100655212
5011,100655168
5012,100655117
5013,100654114
5014,100654059
5015,100616844
5016,100612096
5017,100584580
5018,100564299
5019,100655221
5020,100562429
5021,100561481
5022,100655248
5023,100623512
5024,100615070
5025,100620052
5026,100538411
5027,100568991
5028,100653084
5029,100655216
5030,100655241
5031,100654737
5032,100655244
5033,100505848
5034,100505844
5035,100625387
5036,100637715
5037,100655255
5038,100419825
5039,100496825
5040,100602587
5041,100594846
5042,100655191
5043,100518487
5044,100655260
5045,100631898
5046,100616942
5047,100653396
5048,100655198
5049,100475290
5050,100655252
5051,100655268
5052,100643455
5053,100616494
5054,100655176
5055,100654603
5056,100654141
5057,100653926
5058,100505836
5059,100129988
5060,100655284
5061,100655288
5062,100548267
5063,100505814
5064,100655291
5065,100655293
5066,100655292
5067,100655286
5068,100655297
5069,100655271
5070,100622674
5071,100633832
5072,100620319
5073,100511480
5074,100511217
5075,100618348
5076,100607970
5077,100535493
5078,100432196
5079,100655305
5080,100654599
5081,100655307
5082,100655316
5083,100505566
5084,100505616
5085,100505594
5086,100505642
5087,100505623
5088,100505587
5089,100504472
5090,100505561
5091,100505591
5092,100655309
5093,100617656
5094,100654602
5095,100655322
5096,100655324
5097,100655326
5098,100655335
5099,100655330
5100,100655327
5101,100655334
5102,100564386
5103,100655321
5104,100485348
5105,100505856
5106,100655346
5107,100655351
5108,100368315
5109,100638168
5110,100546125
5111,100554612
5112,100655323
5113,100558259
5114,100365045
5115,100412694
5116,100525420
5117,100155069
5118,100655360
5119,100578964
5120,100549824
5121,100401109
5122,100655380
5123,100655367
5124,100654790
5125,100655375
5126,100655369
5127,100654794
5128,100655389
5129,100655366
5130,100655406
5131,100655399
5132,100654987
5133,100655308
5134,100576498
5135,100536220
5136,100472629
5137,100222080
5138,100655364
5139,100655382
5140,100530864
5141,100584948
5142,100655452
5143,100655491
5144,100654981
5145,100655519
5146,100655466
5147,100655416
5148,100631978
5149,100654515
5150,100655565
5151,100643714
5152,100654553
5153,100654495
5154,100654487
5155,100655463
5156,100354299
5157,100576230
5158,100655442
5159,100655460
5160,100109560
5161,100655514
5162,100655510
5163,100655516
5164,100655513
5165,100655599
5166,100655511
5167,100655504
5168,100655515
5169,100655512
5170,100655505
5171,100655506
5172,100655503
5173,100655502
5174,100655526
5175,100655449
5176,100655584
5177,100655531
5178,100655465
5179,100357261
5180,100360295
5181,100364971
5182,100373692
5183,100390563
5184,100655596
5185,100655613
5186,100655608
5187,100655420
5188,100509994
5189,100654550
5190,100655188
5191,100655604
5192,100584185
5193,100606872
5194,100129878
5195,100552412
5196,100071533
5197,100628480
5198,100316559
5199,100590918
5200,100560969
5201,100586652
5202,100584236
5203,100655704
5204,100596223
5205,100654595
5206,100654590
5207,100654586
5208,100619555
5209,100654581
5210,100654572
5211,100654566
5212,100654561
5213,100654559
5214,100595857
5215,100655696
5216,100643019
5217,100331918
5218,100655726
5219,100058526
5220,100655655
5221,100655728
5222,100654475
5223,100654548
5224,100654496
5225,100655738
5226,100655700
5227,100654442
5228,100654522
5229,100654509
5230,100654537
5231,100654529
5232,100654473
5233,100654452
5234,100655575
5235,100654446
5236,100654441
5237,100654484
5238,100654467
5239,100654448
5240,100654544
5241,100655605
5242,100452456
5243,100655658
5244,100654527
5245,100654528
5246,100654589
5247,100654573
5248,100654570
5249,100654569
5250,100454130
5251,100628689
5252,100655552
5253,100654480
5254,100655559
5255,100655455
5256,100655144
5257,100655783
5258,100508236
5259,100655766
5260,100655746
5261,100655761
5262,100538958
5263,100530570
5264,100560524
5265,100428184
5266,100570528
5267,100467335
5268,100655805
5269,100655797
5270,100647250
5271,100595124
5272,100655691
5273,100655425
5274,100655602
5275,100655821
5276,100655551
5277,100655407
5278,100655822
5279,100655833
5280,100509958
5281,100655840
5282,100640385
5283,100655860
5284,100511382
5285,100510651
5286,100655881
5287,100515032
5288,100655929
5289,100655932
5290,100655733
5291,100655884
5292,100655679
5293,100655938
5294,100655943
5295,100655925
5296,100635887
5297,100630829
5298,100655955
5299,100655952
5300,100592687
5301,100655927
5302,100655965
5303,100638646
5304,100655808
5305,100656033
5306,100656043
5307,100656057
5308,100508497
5309,100508474
5310,100529372
5311,100499831
5312,100515007
5313,100636780
5314,100620574
5315,100609253
5316,100478510
5317,100479343
5318,100656031
5319,100656046
5320,100655960
5321,100595757
5322,100493663
5323,100612344
5324,100655816
5325,100655830
5326,100655690
5327,100656087
5328,100656090
5329,100656051
5330,100656158
5331,100656142
5332,100655887
5333,100656170
5334,100656148
5335,100656037
5336,100655842
5337,100656136
5338,100656166
5339,100656188
5340,100656178
5341,100656162
5342,100648116
5343,100518667
5344,100508517
5345,100508463
5346,100508451
5347,100656207
5348,100508404
5349,100656200
5350,100656223
5351,100655844
5352,100383284
5353,100501235
5354,100545014
5355,100537042
5356,100656239
5357,100656150
5358,100656099
5359,100508705
5360,100641973
5361,100106967
5362,100656210
5363,100655846
5364,100081658
5365,100656296
5366,100540643
5367,100604825
5368,100604858
5369,100625956
5370,100656329
5371,100556432
5372,100656168
5373,100656133
5374,100656319
5375,100559557
5376,100656180
5377,100656361
5378,100617627
5379,100617625
5380,100616071
5381,100264250
5382,100613087
5383,100592010
5384,100585403
5385,100590531
5386,100584180
5387,100656369
5388,100656195
5389,100619797
5390,100619836
5391,100656411
5392,100656385
5393,100656387
5394,100561321
5395,100656379
5396,100655530
5397,100640692
5398,100656418
5399,100656340
5400,100631137
5401,100638390
5402,100637708
5403,100656436
5404,100620486
5405,100656449
5406,100656463
5407,100612808
5408,100590215
5409,100656424
5410,100656454
5411,100654631
5412,100639803
5413,100656456
5414,100656529
5415,100552549
5416,100489624
5417,100656468
5418,100656484
5419,100582218
5420,100598167
5421,100656548
5422,100630050
5423,100628454
5424,100656530
5425,100639430
5426,100656527
5427,100442294
5428,100636138
5429,100656534
5430,100625579
5431,100656557
5432,100292833
5433,100656561
5434,100656567
5435,100656447
5436,100634406
5437,100656566
5438,100656571
5439,100656414
5440,100656518
5441,100434226
5442,100452585
5443,100220866
5444,100590366
5445,100475343
5446,100473589
5447,100431294
5448,100435986
5449,100656579
5450,100656574
5451,100656537
5452,100656602
5453,100656591
5454,100655589
5455,100655588
5456,100630233
5457,100656585
5458,100656616
5459,100656394
5460,100656583
5461,100656595
5462,100656610
5463,100656474
5464,100543811
5465,100493970
5466,100058436
5467,100613717
5468,100656625
5469,100656604
5470,100656613
5471,100656560
5472,100344802
5473,100609566
5474,100605909
5475,100643474
5476,100656637
5477,100548515
5478,100509124
5479,100578687
5480,100656622
5481,100515364
5482,100656588
5483,100656669
5484,100543014
5485,100656130
5486,100629799
5487,100630020
5488,100656672
5489,100656664
5490,100499454
5491,100655710
5492,100656686
5493,100397117
5494,100656679
5495,100656702
5496,100656511
5497,100656705
5498,100343207
5499,100656677
5500,100302045
5501,100656714
5502,100656682
5503,100656709
5504,100656538
5505,100656716
5506,100656721
5507,100656732
5508,100614663
5509,100656779
5510,100656782
5511,100656821
5512,100656762
5513,100656826
5514,100486354
5515,100656737
5516,100539738
5517,100602833
5518,100484153
5519,100484149
5520,100484148
5521,100656873
5522,100612708
5523,100612702
5524,100612712
5525,100582291
5526,100656833
5527,100656735
5528,100529730
5529,100530852
5530,100656807
5531,100633343
5532,100656881
5533,100656897
5534,100656902
5535,100656900
5536,100656877
5537,100656875
5538,100656853
5539,100656813
5540,100656744
5541,100508524
5542,100524153
5543,100656839
5544,100656915
5545,100656953
5546,100504908
5547,100656878
5548,100656946
5549,100656884
5550,100656910
5551,100656973
5552,100656975
5553,100656980
5554,100656977
5555,100656985
5556,100633830
5557,100657012
5558,100622682
5559,100657025
5560,100656627
5561,100449261
5562,100656551
5563,100657030
5564,100657052
5565,100657055
5566,100564602
5567,100657080
5568,100163173
5569,100656958
5570,100632009
5571,100595515
5572,100594351
5573,100657085
5574,100534657
5575,100343338
5576,100129962
5577,100229621
5578,100284888
5579,100128820
5580,100190581
5581,100198621
5582,100267692
5583,100177872
5584,100543823
5585,100656836
5586,100657082
5587,100506415
5588,100520564
5589,100494288
5590,100494834
5591,100620352
5592,100656815
5593,100657158
5594,100637650
5595,100633091
5596,100656831
5597,100641068
5598,100657143
5599,100487813
5600,100657139
5601,100657159
5602,100657185
5603,100657172
5604,100360021
5605,100657181
5606,100657161
5607,100657146
5608,100657157
5609,100156083
5610,100544111
5611,100656675
5612,100657199
5613,100657192
5614,100657077
5615,100657188
5616,100657252
5617,100657253
5618,100657169
5619,100581526
5620,100580184
5621,100655459
5622,100628408
5623,100361950
5624,100610921
5625,100657281
5626,100640949
5627,100657261
5628,100657176
5629,100656748
5630,100657275
5631,100657295
5632,100656729
5633,100620603
5634,100657277
5635,100657220
5636,100657303
5637,100657279
5638,100657218
5639,100656364
5640,100657256
5641,100657258
5642,100657166
5643,100657201
5644,100645969
5645,100657283
5646,100657285
5647,100657250
5648,100657316
5649,100657321
5650,100656972
5651,100431316
5652,100191515
5653,100589961
5654,100291597
5655,100570606
5656,100657271
5657,100657336
5658,100455361
5659,100431382
5660,100375299
5661,100280263
5662,100274578
5663,100657327
5664,100657334
5665,100603491
5666,100570609
5667,100657340
5668,100505042
5669,100657355
5670,100645663
5671,100608145
5672,100657414
5673,100657429
5674,100657385
5675,100657412
5676,100657438
5677,100625413
5678,100657461
5679,100657455
5680,100657571
5681,100657423
5682,100656837
5683,100657435
5684,100657600
5685,100657595
5686,100490546
5687,100657374
5688,100657525
5689,100657426
5690,100657625
5691,100657630
5692,100627889
5693,100579750
5694,100656570
5695,100657650
5696,100457058
5697,100512914
5698,100475481
5699,100657643
5700,100610920
5701,100657664
5702,100657607
5703,100657572
5704,100657640
5705,100307915
5706,100630416
5707,100657669
5708,100657682
5709,100657684
5710,100657693
5711,100657697
5712,100657678
5713,100657465
5714,100657714
5715,100657721
5716,100657396
5717,100657705
5718,100629954
5719,100657703
5720,100623048
5721,100657689
5722,100590842
5723,100656895
5724,100657733
5725,100652516
5726,100614555
5727,100657160
5728,100657752
5729,100612156
5730,100613285
5731,100625977
5732,100655792
5733,100077110
5734,100657109
5735,100657745
5736,100657309
5737,100624141
5738,100653955
5739,100656727
5740,100655618
5741,100657830
5742,100657812
5743,100657598
5744,100656473
5745,100657835
5746,100657760
5747,100657839
5748,100580014
5749,100657167
5750,100656778
5751,100657854
5752,100657866
5753,100534578
5754,100657870
5755,100657875
5756,100657675
5757,100657901
5758,100657862
5759,100657798
5760,100657860
5761,100657627
5762,100651168
5763,100624473
5764,100657909
5765,100657968
5766,100657880
5767,100657686
5768,100657974
5769,100617414
5770,100658005
5771,100658012
5772,100658001
5773,100584318
5774,100619750
5775,100658030
5776,100640390
5777,100596347
5778,100492433
5779,100636356
5780,100635900
5781,100657842
5782,100507850
5783,100657990
5784,100658100
5785,100658049
5786,100658028
5787,100658071
5788,100658087
5789,100658040
5790,100657756
5791,100603979
5792,100658178
5793,100658173
5794,100657628
5795,100507472
5796,100450511
5797,100658165
5798,100453074
5799,100658096
5800,100445507
5801,100658175
5802,100658157
5803,100658077
5804,100658159
5805,100658260
5806,100187992
5807,100422489
5808,100573080
5809,100658267
5810,100658265
5811,100658166
5812,100358266
5813,100486350
5814,100437781
5815,100538543
5816,100619852
5817,100423422
5818,100596398
5819,100355475
5820,100617621
5821,100613092
5822,100556829
5823,100613091
5824,100620000
5825,100658068
5826,100603657
5827,100658168
5828,100658318
5829,100658228
5830,100641935
5831,100658325
5832,100337843
5833,100658104
5834,100658155
5835,100658154
5836,100658041
5837,100372277
5838,100658316
5839,100657748
5840,100624828
5841,100658352
5842,100658358
5843,100656863
5844,100658356
5845,100656867
5846,100658355
5847,100658349
5848,100633588
5849,100658183
5850,100657946
5851,100658140
5852,100658022
5853,100509461
5854,100658014
5855,100644063
5856,100657914
5857,100658372
5858,100658378
5859,100522281
5860,100658296
5861,100658143
5862,100357335
5863,100658293
5864,100658320
5865,100658380
5866,100629303
5867,100349793
5868,100658385
5869,100658314
5870,100563922
5871,100643950
5872,100643118
5873,100612527
5874,100658367
5875,100658393
5876,100414823
5877,100374448
5878,100302576
5879,100541138
5880,100658052
5881,100658392
5882,100555023
5883,100625967
5884,100302588
5885,100319843
5886,100652001
5887,100650874
5888,100577656
5889,100658399
5890,100658396
5891,100658126
5892,100593054
5893,100657502
5894,100658129
5895,100644403
5896,100642527
5897,100619278
5898,100623126
5899,100658432
5900,100605875
5901,100658436
5902,100611893
5903,100508460
5904,100658434
5905,100188812
5906,100321372
5907,100232715
5908,100658438
5909,100116316
5910,100108379
5911,100389629
5912,100483941
5913,100627344
5914,100611290
5915,100595896
5916,100440627
5917,100658361
5918,100641464
5919,100641445
5920,100622998
5921,100623077
5922,100623398
5923,100573424
5924,100508500
5925,100658441
5926,100611465
5927,100624122
5928,100658451
5929,100658462
5930,100658470
5931,100508362
5932,100658460
5933,100658467
5934,100655801
5935,100656861
5936,100656854
5937,100638328
5938,100658468
5939,100103868
5940,100658489
5941,100658209
5942,100658476
5943,100658474
5944,100658473
5945,100573193
5946,100658501
5947,100604468
5948,100615975
5949,100614363
5950,100658491
5951,100658479
5952,100656850
5953,100658503
5954,100658494
5955,100658519
5956,100446295
5957,100658499
5958,100658504
5959,100658522
5960,100656509
5961,100655791
5962,100655786
5963,100658500
5964,100658513
5965,100658461
5966,100255105
5967,100451208
5968,100452812
5969,100280989
5970,100155701
5971,100634659
5972,100190545
5973,100592946
5974,100658521
5975,100658520
5976,100196793
5977,100453387
5978,100655789
5979,100658526
5980,100655787
5981,100658505
5982,100658512
5983,100655107
5984,100658493
5985,100658538
5986,100658525
5987,100590583
5988,100148434
5989,100658498
5990,100656042
5991,100651295
5992,100627127
5993,100545894
5994,100095383
5995,100575661
5996,100589594
5997,100658457
5998,100658543
5999,100592644
6000,100576152
6001,100625542
6002,100590973
6003,100568056
6004,100529292
6005,100326669
6006,100658506
6007,100656517
6008,100579225
6009,100596180
6010,100597862
6011,100490799
6012,100658555
6013,100412782
6014,100152291
6015,100594856
6016,100453655
6017,100212585
6018,100295736
6019,100588787
6020,100658480
6021,100658554
6022,100658556
6023,100438541
6024,100657828
6025,100658561
6026,100658571
6027,100658527
6028,100658463
6029,100658542
6030,100658509
6031,100658576
6032,100658270
6033,100658597
6034,100658600
6035,100656466
6036,100658472
6037,100508486
6038,100508432
6039,100657999
6040,100656422
6041,100620927
6042,100584688
6043,100562905
6044,100496350
6045,100575316
6046,100512529
6047,100582806
6048,100602428
6049,100316343
6050,100563282
6051,100634660
6052,100527169
6053,100524919
6054,100658611
6055,100578663
6056,100569409
6057,100658659
6058,100658608
6059,100658602
6060,100658670
6061,100632744
6062,100658640
6063,100656987
6064,100658635
6065,100655749
6066,100658577
6067,100571510
6068,100658717
6069,100658705
6070,100657489
6071,100658643
6072,100658558
6073,100658557
6074,100658726
6075,100321371
6076,100321378
6077,100242316
6078,100657851
6079,100658757
6080,100658541
6081,100657843
6082,100592642
6083,100658797
6084,100657878
6085,100657879
6086,100657565
6087,100658789
6088,100658707
6089,100658785
6090,100658783
6091,100658817
6092,100657832
6093,100657841
6094,100657895
6095,100496586
6096,100657884
6097,100657877
6098,100639171
6099,100658815
6100,100658822
6101,100251796
6102,100508501
6103,100508503
6104,100657829
6105,100657897
6106,100657894
6107,100657892
6108,100626556
6109,100657889
6110,100657833
6111,100657885
6112,100658456
6113,100657868
6114,100657846
6115,100657844
6116,100657905
6117,100657770
6118,100657768
6119,100657757
6120,100657749
6121,100657827
6122,100657799
6123,100657786
6124,100658825
6125,100657775
6126,100633313
6127,100658819
6128,100630842
6129,100659065
6130,100659068
6131,100498176
6132,100500265
6133,100659074
6134,100659144
6135,100657872
6136,100659133
6137,100508411
6138,100659190
6139,100659140
6140,100624277
6141,100620084
6142,100654692
6143,100658736
6144,100659282
6145,100414400
6146,100634852
6147,100544187
6148,100504919
6149,100659316
6150,100658966
6151,100659320
6152,100659269
6153,100659135
6154,100659309
6155,100659299
6156,100658950
6157,100659248
6158,100659230
6159,100629021
6160,100628747
6161,100628614
6162,100628536
6163,100628515
6164,100637092
6165,100630174
6166,100659339
6167,100659245
6168,100659247
6169,100615682
6170,100615678
6171,100658900
6172,100655581
6173,100659021
6174,100426723
6175,100659337
6176,100659387
6177,100408420
6178,100578804
6179,100581035
6180,100659384
6181,100198433
6182,100659395
